lote_id,produto_id,codigo_lote,quantidade_inicial,quantidade_atual,data_validade,data_entrada
L001,101,LOT-202609-101-A,60.0,30.0,2026-10-20,2026-09-10
L002,101,LOT-202609-101-B,200.0,200.0,2026-11-05,2026-09-18
L003,102,LOT-202609-102-A,45.0,22.5,2026-10-20,2026-09-10
L004,103,LOT-202609-103-A,24.0,12.0,2026-10-20,2026-09-10
L005,103,LOT-202609-103-B,16.0,16.0,2026-11-05,2026-09-18
L006,104,LOT-202609-104-A,15.0,7.5,2026-10-20,2026-09-10
L007,105,LOT-202609-105-A,45.0,22.5,2026-10-20,2026-09-10
L008,105,LOT-202609-105-B,30.0,30.0,2026-11-05,2026-09-18
L009,106,LOT-202609-106-A,30.0,15.0,2026-10-20,2026-09-10
L010,107,LOT-202609-107-A,30.0,15.0,2026-10-20,2026-09-10
L011,107,LOT-202609-107-B,20.0,20.0,2026-11-05,2026-09-18
L012,108,LOT-202609-108-A,36.0,18.0,2026-10-20,2026-09-10
L013,109,LOT-202609-109-A,90.0,45.0,2026-10-20,2026-09-10
L014,109,LOT-202609-109-B,60.0,60.0,2026-11-05,2026-09-18
L015,110,LOT-202609-110-A,12.0,6.0,2026-10-20,2026-09-10
