produto_id,demanda_prevista_periodo,estoque_atual_kg,sugestao_compra_kg,horizonte_dias,gerado_em
101,186.51,230.0,0.0,7,2026-09-26 00:22:24
102,151.62,22.5,144.12,7,2026-09-26 00:22:24
103,84.99,28.0,64.99,7,2026-09-26 00:22:24
104,50.43,7.5,47.93,7,2026-09-26 00:22:24
105,107.6,52.5,70.1,7,2026-09-26 00:22:24
106,85.05,15.0,80.05,7,2026-09-26 00:22:24
107,81.98,35.0,56.98,7,2026-09-26 00:22:24
108,87.58,18.0,81.58,7,2026-09-26 00:22:24
109,246.31,105.0,171.31,7,2026-09-26 00:22:24
110,16.67,6.0,14.67,7,2026-09-26 00:22:24
