prato,insumo,quantidade_por_prato
feijoada,feijao,0.25
feijoada,carne_bovina,0.3
feijoada,arroz,0.15
feijoada,cebola,0.05
strogonoff,frango,0.25
strogonoff,arroz,0.15
strogonoff,cebola,0.05
strogonoff,batata,0.1
frango_grelhado,frango,0.3
frango_grelhado,arroz,0.15
frango_grelhado,alface,0.05
frango_grelhado,tomate,0.05
frango_grelhado,batata,0.15
lasanha,carne_bovina,0.25
lasanha,queijo,0.15
lasanha,farinha,0.05
lasanha,tomate,0.1
salada_caesar,alface,0.15
salada_caesar,frango,0.1
salada_caesar,queijo,0.05
salada_caesar,tomate,0.05
