data,prato,quantidade,feriado,fim_de_semana,temperatura,promocao
2025-10-07,feijoada,36,0,0,16.1,0
2025-10-07,strogonoff,41,0,0,16.1,0
2025-10-07,frango_grelhado,47,0,0,16.1,0
2025-10-07,lasanha,31,0,0,16.1,0
2025-10-07,salada_caesar,21,0,0,16.1,0
2025-10-08,feijoada,44,0,0,16.6,0
2025-10-08,strogonoff,40,0,0,16.6,0
2025-10-08,frango_grelhado,44,0,0,16.6,0
2025-10-08,lasanha,25,0,0,16.6,0
2025-10-08,salada_caesar,21,0,0,16.6,0
2025-10-09,feijoada,45,0,0,14.5,0
2025-10-09,strogonoff,34,0,0,14.5,0
2025-10-09,frango_grelhado,48,0,0,14.5,0
2025-10-09,lasanha,30,0,0,14.5,0
2025-10-09,salada_caesar,18,0,0,14.5,0
2025-10-10,feijoada,48,0,0,16.5,0
2025-10-10,strogonoff,39,0,0,16.5,0
2025-10-10,frango_grelhado,48,0,0,16.5,0
2025-10-10,lasanha,33,0,0,16.5,0
2025-10-10,salada_caesar,21,0,0,16.5,0
2025-10-11,feijoada,82,0,1,18.0,0
2025-10-11,strogonoff,45,0,1,18.0,0
2025-10-11,frango_grelhado,52,0,1,18.0,0
2025-10-11,lasanha,42,0,1,18.0,0
2025-10-11,salada_caesar,16,0,1,18.0,0
2025-10-12,feijoada,109,1,1,13.7,0
2025-10-12,strogonoff,71,1,1,13.7,0
2025-10-12,frango_grelhado,58,1,1,13.7,0
2025-10-12,lasanha,66,1,1,13.7,0
2025-10-12,salada_caesar,14,1,1,13.7,0
2025-10-13,feijoada,42,0,0,12.3,0
2025-10-13,strogonoff,45,0,0,12.3,0
2025-10-13,frango_grelhado,29,0,0,12.3,0
2025-10-13,lasanha,29,0,0,12.3,0
2025-10-13,salada_caesar,21,0,0,12.3,0
2025-10-14,feijoada,38,0,0,14.0,0
2025-10-14,strogonoff,43,0,0,14.0,0
2025-10-14,frango_grelhado,33,0,0,14.0,0
2025-10-14,lasanha,32,0,0,14.0,0
2025-10-14,salada_caesar,19,0,0,14.0,0
2025-10-15,feijoada,36,0,0,14.2,0
2025-10-15,strogonoff,51,0,0,14.2,0
2025-10-15,frango_grelhado,36,0,0,14.2,0
2025-10-15,lasanha,33,0,0,14.2,0
2025-10-15,salada_caesar,19,0,0,14.2,0
2025-10-16,feijoada,41,0,0,14.9,0
2025-10-16,strogonoff,36,0,0,14.9,0
2025-10-16,frango_grelhado,35,0,0,14.9,0
2025-10-16,lasanha,35,0,0,14.9,0
2025-10-16,salada_caesar,19,0,0,14.9,0
2025-10-17,feijoada,47,0,0,13.8,0
2025-10-17,strogonoff,38,0,0,13.8,0
2025-10-17,frango_grelhado,33,0,0,13.8,0
2025-10-17,lasanha,50,0,0,13.8,0
2025-10-17,salada_caesar,16,0,0,13.8,0
2025-10-18,feijoada,82,0,1,16.3,0
2025-10-18,strogonoff,41,0,1,16.3,0
2025-10-18,frango_grelhado,46,0,1,16.3,0
2025-10-18,lasanha,48,0,1,16.3,0
2025-10-18,salada_caesar,14,0,1,16.3,0
2025-10-19,feijoada,73,0,1,17.6,0
2025-10-19,strogonoff,45,0,1,17.6,0
2025-10-19,frango_grelhado,42,0,1,17.6,0
2025-10-19,lasanha,46,0,1,17.6,0
2025-10-19,salada_caesar,12,0,1,17.6,0
2025-10-20,feijoada,32,0,0,17.1,0
2025-10-20,strogonoff,30,0,0,17.1,0
2025-10-20,frango_grelhado,44,0,0,17.1,0
2025-10-20,lasanha,34,0,0,17.1,0
2025-10-20,salada_caesar,20,0,0,17.1,0
2025-10-21,feijoada,35,0,0,18.7,0
2025-10-21,strogonoff,31,0,0,18.7,0
2025-10-21,frango_grelhado,53,0,0,18.7,0
2025-10-21,lasanha,32,0,0,18.7,0
2025-10-21,salada_caesar,20,0,0,18.7,0
2025-10-22,feijoada,40,0,0,18.5,0
2025-10-22,strogonoff,43,0,0,18.5,0
2025-10-22,frango_grelhado,55,0,0,18.5,1
2025-10-22,lasanha,29,0,0,18.5,0
2025-10-22,salada_caesar,18,0,0,18.5,0
2025-10-23,feijoada,43,0,0,16.0,0
2025-10-23,strogonoff,47,0,0,16.0,0
2025-10-23,frango_grelhado,54,0,0,16.0,1
2025-10-23,lasanha,31,0,0,16.0,0
2025-10-23,salada_caesar,18,0,0,16.0,0
2025-10-24,feijoada,42,0,0,16.7,0
2025-10-24,strogonoff,59,0,0,16.7,0
2025-10-24,frango_grelhado,54,0,0,16.7,0
2025-10-24,lasanha,41,0,0,16.7,0
2025-10-24,salada_caesar,22,0,0,16.7,0
2025-10-25,feijoada,76,0,1,14.7,0
2025-10-25,strogonoff,53,0,1,14.7,0
2025-10-25,frango_grelhado,50,0,1,14.7,0
2025-10-25,lasanha,44,0,1,14.7,0
2025-10-25,salada_caesar,14,0,1,14.7,0
2025-10-26,feijoada,72,0,1,16.9,0
2025-10-26,strogonoff,43,0,1,16.9,0
2025-10-26,frango_grelhado,47,0,1,16.9,0
2025-10-26,lasanha,53,0,1,16.9,0
2025-10-26,salada_caesar,18,0,1,16.9,0
2025-10-27,feijoada,38,0,0,16.5,0
2025-10-27,strogonoff,35,0,0,16.5,0
2025-10-27,frango_grelhado,35,0,0,16.5,0
2025-10-27,lasanha,38,0,0,16.5,0
2025-10-27,salada_caesar,20,0,0,16.5,0
2025-10-28,feijoada,41,0,0,16.0,0
2025-10-28,strogonoff,31,0,0,16.0,0
2025-10-28,frango_grelhado,48,0,0,16.0,0
2025-10-28,lasanha,35,0,0,16.0,0
2025-10-28,salada_caesar,16,0,0,16.0,0
2025-10-29,feijoada,37,0,0,14.9,0
2025-10-29,strogonoff,35,0,0,14.9,0
2025-10-29,frango_grelhado,45,0,0,14.9,0
2025-10-29,lasanha,35,0,0,14.9,0
2025-10-29,salada_caesar,18,0,0,14.9,0
2025-10-30,feijoada,35,0,0,17.6,0
2025-10-30,strogonoff,35,0,0,17.6,0
2025-10-30,frango_grelhado,40,0,0,17.6,0
2025-10-30,lasanha,36,0,0,17.6,0
2025-10-30,salada_caesar,23,0,0,17.6,0
2025-10-31,feijoada,45,0,0,16.8,0
2025-10-31,strogonoff,45,0,0,16.8,0
2025-10-31,frango_grelhado,50,0,0,16.8,0
2025-10-31,lasanha,38,0,0,16.8,0
2025-10-31,salada_caesar,21,0,0,16.8,0
2025-11-01,feijoada,45,0,1,15.8,0
2025-11-01,strogonoff,62,0,1,15.8,0
2025-11-01,frango_grelhado,51,0,1,15.8,0
2025-11-01,lasanha,53,0,1,15.8,0
2025-11-01,salada_caesar,18,0,1,15.8,0
2025-11-02,feijoada,66,1,1,15.4,0
2025-11-02,strogonoff,80,1,1,15.4,0
2025-11-02,frango_grelhado,61,1,1,15.4,0
2025-11-02,lasanha,50,1,1,15.4,0
2025-11-02,salada_caesar,17,1,1,15.4,0
2025-11-03,feijoada,22,0,0,16.7,0
2025-11-03,strogonoff,46,0,0,16.7,0
2025-11-03,frango_grelhado,44,0,0,16.7,0
2025-11-03,lasanha,23,0,0,16.7,0
2025-11-03,salada_caesar,31,0,0,16.7,0
2025-11-04,feijoada,23,0,0,17.2,0
2025-11-04,strogonoff,40,0,0,17.2,0
2025-11-04,frango_grelhado,51,0,0,17.2,0
2025-11-04,lasanha,26,0,0,17.2,0
2025-11-04,salada_caesar,26,0,0,17.2,0
2025-11-05,feijoada,31,0,0,17.7,0
2025-11-05,strogonoff,42,0,0,17.7,0
2025-11-05,frango_grelhado,54,0,0,17.7,0
2025-11-05,lasanha,27,0,0,17.7,0
2025-11-05,salada_caesar,31,0,0,17.7,0
2025-11-06,feijoada,29,0,0,17.9,0
2025-11-06,strogonoff,37,0,0,17.9,0
2025-11-06,frango_grelhado,48,0,0,17.9,0
2025-11-06,lasanha,33,0,0,17.9,0
2025-11-06,salada_caesar,29,0,0,17.9,0
2025-11-07,feijoada,30,0,0,21.2,0
2025-11-07,strogonoff,37,0,0,21.2,0
2025-11-07,frango_grelhado,53,0,0,21.2,0
2025-11-07,lasanha,37,0,0,21.2,0
2025-11-07,salada_caesar,28,0,0,21.2,0
2025-11-08,feijoada,54,0,1,18.6,0
2025-11-08,strogonoff,38,0,1,18.6,0
2025-11-08,frango_grelhado,66,0,1,18.6,0
2025-11-08,lasanha,54,0,1,18.6,0
2025-11-08,salada_caesar,22,0,1,18.6,0
2025-11-09,feijoada,118,0,1,16.9,0
2025-11-09,strogonoff,39,0,1,16.9,0
2025-11-09,frango_grelhado,57,0,1,16.9,0
2025-11-09,lasanha,51,0,1,16.9,0
2025-11-09,salada_caesar,17,0,1,16.9,0
2025-11-10,feijoada,38,0,0,15.3,0
2025-11-10,strogonoff,35,0,0,15.3,0
2025-11-10,frango_grelhado,48,0,0,15.3,0
2025-11-10,lasanha,32,0,0,15.3,0
2025-11-10,salada_caesar,26,0,0,15.3,0
2025-11-11,feijoada,27,0,0,17.0,0
2025-11-11,strogonoff,38,0,0,17.0,0
2025-11-11,frango_grelhado,58,0,0,17.0,0
2025-11-11,lasanha,36,0,0,17.0,0
2025-11-11,salada_caesar,28,0,0,17.0,0
2025-11-12,feijoada,36,0,0,18.9,0
2025-11-12,strogonoff,39,0,0,18.9,0
2025-11-12,frango_grelhado,50,0,0,18.9,0
2025-11-12,lasanha,30,0,0,18.9,0
2025-11-12,salada_caesar,30,0,0,18.9,0
2025-11-13,feijoada,38,0,0,17.8,0
2025-11-13,strogonoff,40,0,0,17.8,0
2025-11-13,frango_grelhado,50,0,0,17.8,0
2025-11-13,lasanha,30,0,0,17.8,0
2025-11-13,salada_caesar,33,0,0,17.8,0
2025-11-14,feijoada,44,0,0,15.9,0
2025-11-14,strogonoff,41,0,0,15.9,0
2025-11-14,frango_grelhado,44,0,0,15.9,0
2025-11-14,lasanha,35,0,0,15.9,0
2025-11-14,salada_caesar,32,0,0,15.9,0
2025-11-15,feijoada,87,1,1,14.8,0
2025-11-15,strogonoff,71,1,1,14.8,0
2025-11-15,frango_grelhado,56,1,1,14.8,0
2025-11-15,lasanha,113,1,1,14.8,0
2025-11-15,salada_caesar,24,1,1,14.8,0
2025-11-16,feijoada,64,0,1,16.8,0
2025-11-16,strogonoff,50,0,1,16.8,0
2025-11-16,frango_grelhado,45,0,1,16.8,0
2025-11-16,lasanha,42,0,1,16.8,0
2025-11-16,salada_caesar,20,0,1,16.8,0
2025-11-17,feijoada,30,0,0,18.2,0
2025-11-17,strogonoff,35,0,0,18.2,0
2025-11-17,frango_grelhado,50,0,0,18.2,0
2025-11-17,lasanha,28,0,0,18.2,0
2025-11-17,salada_caesar,36,0,0,18.2,0
2025-11-18,feijoada,26,0,0,18.7,0
2025-11-18,strogonoff,38,0,0,18.7,0
2025-11-18,frango_grelhado,57,0,0,18.7,0
2025-11-18,lasanha,27,0,0,18.7,0
2025-11-18,salada_caesar,39,0,0,18.7,0
2025-11-19,feijoada,32,0,0,16.9,0
2025-11-19,strogonoff,37,0,0,16.9,0
2025-11-19,frango_grelhado,50,0,0,16.9,0
2025-11-19,lasanha,28,0,0,16.9,0
2025-11-19,salada_caesar,30,0,0,16.9,0
2025-11-20,feijoada,41,1,0,17.4,0
2025-11-20,strogonoff,48,1,0,17.4,0
2025-11-20,frango_grelhado,68,1,0,17.4,0
2025-11-20,lasanha,38,1,0,17.4,0
2025-11-20,salada_caesar,45,1,0,17.4,0
2025-11-21,feijoada,46,0,0,17.5,0
2025-11-21,strogonoff,51,0,0,17.5,0
2025-11-21,frango_grelhado,54,0,0,17.5,0
2025-11-21,lasanha,42,0,0,17.5,0
2025-11-21,salada_caesar,27,0,0,17.5,0
2025-11-22,feijoada,63,0,1,17.8,0
2025-11-22,strogonoff,47,0,1,17.8,0
2025-11-22,frango_grelhado,60,0,1,17.8,0
2025-11-22,lasanha,62,0,1,17.8,0
2025-11-22,salada_caesar,18,0,1,17.8,0
2025-11-23,feijoada,65,0,1,19.2,0
2025-11-23,strogonoff,45,0,1,19.2,0
2025-11-23,frango_grelhado,51,0,1,19.2,0
2025-11-23,lasanha,50,0,1,19.2,0
2025-11-23,salada_caesar,20,0,1,19.2,0
2025-11-24,feijoada,25,0,0,18.9,0
2025-11-24,strogonoff,35,0,0,18.9,0
2025-11-24,frango_grelhado,52,0,0,18.9,0
2025-11-24,lasanha,36,0,0,18.9,0
2025-11-24,salada_caesar,27,0,0,18.9,0
2025-11-25,feijoada,28,0,0,19.6,0
2025-11-25,strogonoff,35,0,0,19.6,0
2025-11-25,frango_grelhado,51,0,0,19.6,0
2025-11-25,lasanha,34,0,0,19.6,0
2025-11-25,salada_caesar,35,0,0,19.6,0
2025-11-26,feijoada,27,0,0,18.9,0
2025-11-26,strogonoff,101,0,0,18.9,0
2025-11-26,frango_grelhado,52,0,0,18.9,0
2025-11-26,lasanha,31,0,0,18.9,0
2025-11-26,salada_caesar,26,0,0,18.9,0
2025-11-27,feijoada,27,0,0,18.9,0
2025-11-27,strogonoff,46,0,0,18.9,0
2025-11-27,frango_grelhado,69,0,0,18.9,0
2025-11-27,lasanha,33,0,0,18.9,0
2025-11-27,salada_caesar,27,0,0,18.9,0
2025-11-28,feijoada,37,0,0,19.5,0
2025-11-28,strogonoff,55,0,0,19.5,0
2025-11-28,frango_grelhado,65,0,0,19.5,0
2025-11-28,lasanha,36,0,0,19.5,0
2025-11-28,salada_caesar,30,0,0,19.5,0
2025-11-29,feijoada,57,0,1,16.2,0
2025-11-29,strogonoff,41,0,1,16.2,0
2025-11-29,frango_grelhado,70,0,1,16.2,0
2025-11-29,lasanha,46,0,1,16.2,0
2025-11-29,salada_caesar,15,0,1,16.2,0
2025-11-30,feijoada,82,0,1,16.3,1
2025-11-30,strogonoff,47,0,1,16.3,0
2025-11-30,frango_grelhado,66,0,1,16.3,0
2025-11-30,lasanha,41,0,1,16.3,0
2025-11-30,salada_caesar,17,0,1,16.3,0
2025-12-01,feijoada,32,0,0,16.1,1
2025-12-01,strogonoff,38,0,0,16.1,0
2025-12-01,frango_grelhado,46,0,0,16.1,0
2025-12-01,lasanha,32,0,0,16.1,0
2025-12-01,salada_caesar,24,0,0,16.1,0
2025-12-02,feijoada,38,0,0,15.7,1
2025-12-02,strogonoff,41,0,0,15.7,0
2025-12-02,frango_grelhado,50,0,0,15.7,0
2025-12-02,lasanha,29,0,0,15.7,0
2025-12-02,salada_caesar,25,0,0,15.7,0
2025-12-03,feijoada,41,0,0,16.2,1
2025-12-03,strogonoff,41,0,0,16.2,0
2025-12-03,frango_grelhado,57,0,0,16.2,0
2025-12-03,lasanha,30,0,0,16.2,0
2025-12-03,salada_caesar,27,0,0,16.2,0
2025-12-04,feijoada,21,0,0,19.6,0
2025-12-04,strogonoff,37,0,0,19.6,0
2025-12-04,frango_grelhado,46,0,0,19.6,0
2025-12-04,lasanha,34,0,0,19.6,0
2025-12-04,salada_caesar,32,0,0,19.6,0
2025-12-05,feijoada,31,0,0,17.5,0
2025-12-05,strogonoff,47,0,0,17.5,0
2025-12-05,frango_grelhado,46,0,0,17.5,0
2025-12-05,lasanha,50,0,0,17.5,0
2025-12-05,salada_caesar,30,0,0,17.5,0
2025-12-06,feijoada,44,0,1,19.6,0
2025-12-06,strogonoff,50,0,1,19.6,0
2025-12-06,frango_grelhado,81,0,1,19.6,0
2025-12-06,lasanha,115,0,1,19.6,0
2025-12-06,salada_caesar,27,0,1,19.6,0
2025-12-07,feijoada,61,0,1,16.1,0
2025-12-07,strogonoff,48,0,1,16.1,0
2025-12-07,frango_grelhado,130,0,1,16.1,0
2025-12-07,lasanha,55,0,1,16.1,0
2025-12-07,salada_caesar,17,0,1,16.1,0
2025-12-08,feijoada,29,0,0,16.4,0
2025-12-08,strogonoff,34,0,0,16.4,0
2025-12-08,frango_grelhado,52,0,0,16.4,0
2025-12-08,lasanha,38,0,0,16.4,0
2025-12-08,salada_caesar,24,0,0,16.4,0
2025-12-09,feijoada,30,0,0,17.6,0
2025-12-09,strogonoff,35,0,0,17.6,0
2025-12-09,frango_grelhado,52,0,0,17.6,0
2025-12-09,lasanha,35,0,0,17.6,0
2025-12-09,salada_caesar,26,0,0,17.6,0
2025-12-10,feijoada,21,0,0,19.1,0
2025-12-10,strogonoff,39,0,0,19.1,0
2025-12-10,frango_grelhado,47,0,0,19.1,0
2025-12-10,lasanha,39,0,0,19.1,0
2025-12-10,salada_caesar,25,0,0,19.1,0
2025-12-11,feijoada,29,0,0,20.2,0
2025-12-11,strogonoff,55,0,0,20.2,1
2025-12-11,frango_grelhado,50,0,0,20.2,0
2025-12-11,lasanha,29,0,0,20.2,0
2025-12-11,salada_caesar,32,0,0,20.2,0
2025-12-12,feijoada,31,0,0,21.1,0
2025-12-12,strogonoff,58,0,0,21.1,1
2025-12-12,frango_grelhado,55,0,0,21.1,0
2025-12-12,lasanha,36,0,0,21.1,0
2025-12-12,salada_caesar,32,0,0,21.1,0
2025-12-13,feijoada,43,0,1,19.6,0
2025-12-13,strogonoff,65,0,1,19.6,1
2025-12-13,frango_grelhado,54,0,1,19.6,0
2025-12-13,lasanha,45,0,1,19.6,0
2025-12-13,salada_caesar,30,0,1,19.6,0
2025-12-14,feijoada,47,0,1,18.5,0
2025-12-14,strogonoff,46,0,1,18.5,0
2025-12-14,frango_grelhado,61,0,1,18.5,0
2025-12-14,lasanha,48,0,1,18.5,0
2025-12-14,salada_caesar,23,0,1,18.5,0
2025-12-15,feijoada,25,0,0,20.3,0
2025-12-15,strogonoff,39,0,0,20.3,0
2025-12-15,frango_grelhado,67,0,0,20.3,0
2025-12-15,lasanha,35,0,0,20.3,0
2025-12-15,salada_caesar,32,0,0,20.3,0
2025-12-16,feijoada,21,0,0,19.5,0
2025-12-16,strogonoff,36,0,0,19.5,0
2025-12-16,frango_grelhado,65,0,0,19.5,0
2025-12-16,lasanha,35,0,0,19.5,0
2025-12-16,salada_caesar,26,0,0,19.5,0
2025-12-17,feijoada,29,0,0,17.1,0
2025-12-17,strogonoff,36,0,0,17.1,0
2025-12-17,frango_grelhado,50,0,0,17.1,0
2025-12-17,lasanha,33,0,0,17.1,0
2025-12-17,salada_caesar,31,0,0,17.1,0
2025-12-18,feijoada,30,0,0,16.0,0
2025-12-18,strogonoff,38,0,0,16.0,0
2025-12-18,frango_grelhado,46,0,0,16.0,0
2025-12-18,lasanha,37,0,0,16.0,0
2025-12-18,salada_caesar,18,0,0,16.0,0
2025-12-19,feijoada,33,0,0,15.7,0
2025-12-19,strogonoff,42,0,0,15.7,0
2025-12-19,frango_grelhado,42,0,0,15.7,0
2025-12-19,lasanha,40,0,0,15.7,0
2025-12-19,salada_caesar,20,0,0,15.7,0
2025-12-20,feijoada,49,0,1,18.1,0
2025-12-20,strogonoff,49,0,1,18.1,0
2025-12-20,frango_grelhado,53,0,1,18.1,0
2025-12-20,lasanha,52,0,1,18.1,0
2025-12-20,salada_caesar,24,0,1,18.1,0
2025-12-21,feijoada,43,0,1,19.0,0
2025-12-21,strogonoff,55,0,1,19.0,0
2025-12-21,frango_grelhado,50,0,1,19.0,0
2025-12-21,lasanha,47,0,1,19.0,0
2025-12-21,salada_caesar,20,0,1,19.0,0
2025-12-22,feijoada,22,0,0,20.5,0
2025-12-22,strogonoff,38,0,0,20.5,0
2025-12-22,frango_grelhado,47,0,0,20.5,0
2025-12-22,lasanha,28,0,0,20.5,0
2025-12-22,salada_caesar,34,0,0,20.5,0
2025-12-23,feijoada,26,0,0,19.5,0
2025-12-23,strogonoff,43,0,0,19.5,0
2025-12-23,frango_grelhado,45,0,0,19.5,0
2025-12-23,lasanha,27,0,0,19.5,0
2025-12-23,salada_caesar,29,0,0,19.5,0
2025-12-24,feijoada,31,0,0,19.9,0
2025-12-24,strogonoff,45,0,0,19.9,0
2025-12-24,frango_grelhado,50,0,0,19.9,0
2025-12-24,lasanha,32,0,0,19.9,0
2025-12-24,salada_caesar,33,0,0,19.9,0
2025-12-25,feijoada,44,1,0,21.1,0
2025-12-25,strogonoff,52,1,0,21.1,0
2025-12-25,frango_grelhado,65,1,0,21.1,0
2025-12-25,lasanha,39,1,0,21.1,0
2025-12-25,salada_caesar,34,1,0,21.1,0
2025-12-26,feijoada,35,0,0,20.2,0
2025-12-26,strogonoff,48,0,0,20.2,0
2025-12-26,frango_grelhado,47,0,0,20.2,0
2025-12-26,lasanha,33,0,0,20.2,0
2025-12-26,salada_caesar,28,0,0,20.2,0
2025-12-27,feijoada,61,0,1,21.0,0
2025-12-27,strogonoff,59,0,1,21.0,0
2025-12-27,frango_grelhado,64,0,1,21.0,0
2025-12-27,lasanha,40,0,1,21.0,0
2025-12-27,salada_caesar,27,0,1,21.0,0
2025-12-28,feijoada,49,0,1,19.5,0
2025-12-28,strogonoff,46,0,1,19.5,0
2025-12-28,frango_grelhado,58,0,1,19.5,0
2025-12-28,lasanha,45,0,1,19.5,0
2025-12-28,salada_caesar,21,0,1,19.5,0
2025-12-29,feijoada,27,0,0,19.2,0
2025-12-29,strogonoff,38,0,0,19.2,0
2025-12-29,frango_grelhado,45,0,0,19.2,0
2025-12-29,lasanha,27,0,0,19.2,0
2025-12-29,salada_caesar,31,0,0,19.2,0
2025-12-30,feijoada,25,0,0,19.1,0
2025-12-30,strogonoff,42,0,0,19.1,0
2025-12-30,frango_grelhado,53,0,0,19.1,0
2025-12-30,lasanha,31,0,0,19.1,0
2025-12-30,salada_caesar,34,0,0,19.1,0
2025-12-31,feijoada,27,0,0,17.5,0
2025-12-31,strogonoff,38,0,0,17.5,0
2025-12-31,frango_grelhado,46,0,0,17.5,0
2025-12-31,lasanha,37,0,0,17.5,0
2025-12-31,salada_caesar,34,0,0,17.5,0
2026-01-01,feijoada,38,1,0,19.7,0
2026-01-01,strogonoff,53,1,0,19.7,0
2026-01-01,frango_grelhado,69,1,0,19.7,0
2026-01-01,lasanha,63,1,0,19.7,0
2026-01-01,salada_caesar,43,1,0,19.7,0
2026-01-02,feijoada,32,0,0,19.3,0
2026-01-02,strogonoff,48,0,0,19.3,0
2026-01-02,frango_grelhado,61,0,0,19.3,0
2026-01-02,lasanha,48,0,0,19.3,0
2026-01-02,salada_caesar,28,0,0,19.3,0
2026-01-03,feijoada,56,0,1,20.0,0
2026-01-03,strogonoff,46,0,1,20.0,0
2026-01-03,frango_grelhado,61,0,1,20.0,0
2026-01-03,lasanha,65,0,1,20.0,0
2026-01-03,salada_caesar,20,0,1,20.0,0
2026-01-04,feijoada,43,0,1,21.3,0
2026-01-04,strogonoff,47,0,1,21.3,0
2026-01-04,frango_grelhado,71,0,1,21.3,0
2026-01-04,lasanha,45,0,1,21.3,0
2026-01-04,salada_caesar,21,0,1,21.3,0
2026-01-05,feijoada,20,0,0,22.0,0
2026-01-05,strogonoff,30,0,0,22.0,0
2026-01-05,frango_grelhado,50,0,0,22.0,0
2026-01-05,lasanha,27,0,0,22.0,0
2026-01-05,salada_caesar,35,0,0,22.0,0
2026-01-06,feijoada,25,0,0,22.9,0
2026-01-06,strogonoff,27,0,0,22.9,0
2026-01-06,frango_grelhado,51,0,0,22.9,0
2026-01-06,lasanha,30,0,0,22.9,0
2026-01-06,salada_caesar,44,0,0,22.9,0
2026-01-07,feijoada,60,0,0,22.1,0
2026-01-07,strogonoff,27,0,0,22.1,0
2026-01-07,frango_grelhado,47,0,0,22.1,0
2026-01-07,lasanha,32,0,0,22.1,0
2026-01-07,salada_caesar,58,0,0,22.1,0
2026-01-08,feijoada,27,0,0,21.1,0
2026-01-08,strogonoff,33,0,0,21.1,0
2026-01-08,frango_grelhado,42,0,0,21.1,0
2026-01-08,lasanha,60,0,0,21.1,0
2026-01-08,salada_caesar,49,0,0,21.1,0
2026-01-09,feijoada,38,0,0,21.1,0
2026-01-09,strogonoff,38,0,0,21.1,0
2026-01-09,frango_grelhado,40,0,0,21.1,0
2026-01-09,lasanha,40,0,0,21.1,0
2026-01-09,salada_caesar,37,0,0,21.1,0
2026-01-10,feijoada,63,0,1,18.3,0
2026-01-10,strogonoff,42,0,1,18.3,0
2026-01-10,frango_grelhado,52,0,1,18.3,0
2026-01-10,lasanha,56,0,1,18.3,0
2026-01-10,salada_caesar,22,0,1,18.3,0
2026-01-11,feijoada,75,0,1,17.1,0
2026-01-11,strogonoff,41,0,1,17.1,0
2026-01-11,frango_grelhado,46,0,1,17.1,0
2026-01-11,lasanha,54,0,1,17.1,0
2026-01-11,salada_caesar,15,0,1,17.1,0
2026-01-12,feijoada,30,0,0,16.6,0
2026-01-12,strogonoff,33,0,0,16.6,0
2026-01-12,frango_grelhado,39,0,0,16.6,0
2026-01-12,lasanha,35,0,0,16.6,0
2026-01-12,salada_caesar,26,0,0,16.6,0
2026-01-13,feijoada,28,0,0,16.9,0
2026-01-13,strogonoff,33,0,0,16.9,0
2026-01-13,frango_grelhado,40,0,0,16.9,0
2026-01-13,lasanha,33,0,0,16.9,0
2026-01-13,salada_caesar,27,0,0,16.9,0
2026-01-14,feijoada,29,0,0,19.7,0
2026-01-14,strogonoff,33,0,0,19.7,0
2026-01-14,frango_grelhado,63,0,0,19.7,0
2026-01-14,lasanha,36,0,0,19.7,0
2026-01-14,salada_caesar,35,0,0,19.7,0
2026-01-15,feijoada,27,0,0,19.1,0
2026-01-15,strogonoff,36,0,0,19.1,0
2026-01-15,frango_grelhado,52,0,0,19.1,0
2026-01-15,lasanha,37,0,0,19.1,0
2026-01-15,salada_caesar,28,0,0,19.1,0
2026-01-16,feijoada,33,0,0,19.7,0
2026-01-16,strogonoff,37,0,0,19.7,0
2026-01-16,frango_grelhado,47,0,0,19.7,0
2026-01-16,lasanha,39,0,0,19.7,0
2026-01-16,salada_caesar,30,0,0,19.7,0
2026-01-17,feijoada,49,0,1,23.1,0
2026-01-17,strogonoff,41,0,1,23.1,0
2026-01-17,frango_grelhado,50,0,1,23.1,0
2026-01-17,lasanha,51,0,1,23.1,0
2026-01-17,salada_caesar,27,0,1,23.1,0
2026-01-18,feijoada,56,0,1,22.2,0
2026-01-18,strogonoff,48,0,1,22.2,0
2026-01-18,frango_grelhado,56,0,1,22.2,0
2026-01-18,lasanha,42,0,1,22.2,0
2026-01-18,salada_caesar,26,0,1,22.2,0
2026-01-19,feijoada,25,0,0,23.7,0
2026-01-19,strogonoff,36,0,0,23.7,0
2026-01-19,frango_grelhado,49,0,0,23.7,0
2026-01-19,lasanha,26,0,0,23.7,0
2026-01-19,salada_caesar,32,0,0,23.7,0
2026-01-20,feijoada,23,0,0,21.6,0
2026-01-20,strogonoff,28,0,0,21.6,0
2026-01-20,frango_grelhado,46,0,0,21.6,0
2026-01-20,lasanha,28,0,0,21.6,0
2026-01-20,salada_caesar,37,0,0,21.6,0
2026-01-21,feijoada,22,0,0,21.7,0
2026-01-21,strogonoff,40,0,0,21.7,0
2026-01-21,frango_grelhado,45,0,0,21.7,0
2026-01-21,lasanha,31,0,0,21.7,0
2026-01-21,salada_caesar,36,0,0,21.7,0
2026-01-22,feijoada,24,0,0,20.5,0
2026-01-22,strogonoff,34,0,0,20.5,0
2026-01-22,frango_grelhado,42,0,0,20.5,0
2026-01-22,lasanha,32,0,0,20.5,0
2026-01-22,salada_caesar,50,0,0,20.5,0
2026-01-23,feijoada,24,0,0,20.9,0
2026-01-23,strogonoff,48,0,0,20.9,0
2026-01-23,frango_grelhado,45,0,0,20.9,0
2026-01-23,lasanha,39,0,0,20.9,0
2026-01-23,salada_caesar,28,0,0,20.9,0
2026-01-24,feijoada,32,0,1,23.3,0
2026-01-24,strogonoff,49,0,1,23.3,0
2026-01-24,frango_grelhado,59,0,1,23.3,0
2026-01-24,lasanha,42,0,1,23.3,0
2026-01-24,salada_caesar,25,0,1,23.3,0
2026-01-25,feijoada,54,0,1,20.1,0
2026-01-25,strogonoff,51,0,1,20.1,0
2026-01-25,frango_grelhado,49,0,1,20.1,0
2026-01-25,lasanha,41,0,1,20.1,0
2026-01-25,salada_caesar,21,0,1,20.1,0
2026-01-26,feijoada,22,0,0,22.2,0
2026-01-26,strogonoff,29,0,0,22.2,0
2026-01-26,frango_grelhado,46,0,0,22.2,0
2026-01-26,lasanha,30,0,0,22.2,0
2026-01-26,salada_caesar,34,0,0,22.2,0
2026-01-27,feijoada,27,0,0,23.1,0
2026-01-27,strogonoff,29,0,0,23.1,0
2026-01-27,frango_grelhado,33,0,0,23.1,0
2026-01-27,lasanha,31,0,0,23.1,0
2026-01-27,salada_caesar,34,0,0,23.1,0
2026-01-28,feijoada,25,0,0,22.2,0
2026-01-28,strogonoff,30,0,0,22.2,0
2026-01-28,frango_grelhado,43,0,0,22.2,0
2026-01-28,lasanha,29,0,0,22.2,0
2026-01-28,salada_caesar,30,0,0,22.2,0
2026-01-29,feijoada,28,0,0,20.1,0
2026-01-29,strogonoff,30,0,0,20.1,0
2026-01-29,frango_grelhado,50,0,0,20.1,0
2026-01-29,lasanha,34,0,0,20.1,0
2026-01-29,salada_caesar,29,0,0,20.1,0
2026-01-30,feijoada,26,0,0,21.7,0
2026-01-30,strogonoff,34,0,0,21.7,0
2026-01-30,frango_grelhado,46,0,0,21.7,0
2026-01-30,lasanha,40,0,0,21.7,0
2026-01-30,salada_caesar,27,0,0,21.7,0
2026-01-31,feijoada,54,0,1,21.6,0
2026-01-31,strogonoff,39,0,1,21.6,0
2026-01-31,frango_grelhado,52,0,1,21.6,0
2026-01-31,lasanha,57,0,1,21.6,0
2026-01-31,salada_caesar,18,0,1,21.6,0
2026-02-01,feijoada,50,0,1,22.9,0
2026-02-01,strogonoff,40,0,1,22.9,0
2026-02-01,frango_grelhado,44,0,1,22.9,0
2026-02-01,lasanha,53,0,1,22.9,0
2026-02-01,salada_caesar,16,0,1,22.9,0
2026-02-02,feijoada,30,0,0,23.4,0
2026-02-02,strogonoff,30,0,0,23.4,0
2026-02-02,frango_grelhado,46,0,0,23.4,0
2026-02-02,lasanha,29,0,0,23.4,0
2026-02-02,salada_caesar,28,0,0,23.4,0
2026-02-03,feijoada,24,0,0,26.5,0
2026-02-03,strogonoff,31,0,0,26.5,0
2026-02-03,frango_grelhado,50,0,0,26.5,0
2026-02-03,lasanha,30,0,0,26.5,0
2026-02-03,salada_caesar,34,0,0,26.5,0
2026-02-04,feijoada,30,0,0,25.2,0
2026-02-04,strogonoff,35,0,0,25.2,0
2026-02-04,frango_grelhado,37,0,0,25.2,0
2026-02-04,lasanha,35,0,0,25.2,0
2026-02-04,salada_caesar,34,0,0,25.2,0
2026-02-05,feijoada,37,0,0,23.0,0
2026-02-05,strogonoff,29,0,0,23.0,0
2026-02-05,frango_grelhado,48,0,0,23.0,0
2026-02-05,lasanha,38,0,0,23.0,0
2026-02-05,salada_caesar,36,0,0,23.0,0
2026-02-06,feijoada,30,0,0,23.8,0
2026-02-06,strogonoff,35,0,0,23.8,0
2026-02-06,frango_grelhado,59,0,0,23.8,0
2026-02-06,lasanha,36,0,0,23.8,0
2026-02-06,salada_caesar,38,0,0,23.8,0
2026-02-07,feijoada,52,0,1,24.5,0
2026-02-07,strogonoff,38,0,1,24.5,0
2026-02-07,frango_grelhado,56,0,1,24.5,0
2026-02-07,lasanha,53,0,1,24.5,0
2026-02-07,salada_caesar,28,0,1,24.5,0
2026-02-08,feijoada,39,0,1,27.0,0
2026-02-08,strogonoff,40,0,1,27.0,0
2026-02-08,frango_grelhado,46,0,1,27.0,0
2026-02-08,lasanha,44,0,1,27.0,0
2026-02-08,salada_caesar,24,0,1,27.0,0
2026-02-09,feijoada,17,0,0,27.5,0
2026-02-09,strogonoff,34,0,0,27.5,0
2026-02-09,frango_grelhado,47,0,0,27.5,0
2026-02-09,lasanha,27,0,0,27.5,0
2026-02-09,salada_caesar,41,0,0,27.5,0
2026-02-10,feijoada,21,0,0,27.1,0
2026-02-10,strogonoff,28,0,0,27.1,0
2026-02-10,frango_grelhado,47,0,0,27.1,0
2026-02-10,lasanha,24,0,0,27.1,0
2026-02-10,salada_caesar,38,0,0,27.1,0
2026-02-11,feijoada,24,0,0,28.8,0
2026-02-11,strogonoff,30,0,0,28.8,0
2026-02-11,frango_grelhado,55,0,0,28.8,0
2026-02-11,lasanha,26,0,0,28.8,0
2026-02-11,salada_caesar,34,0,0,28.8,0
2026-02-12,feijoada,32,0,0,25.1,0
2026-02-12,strogonoff,37,0,0,25.1,0
2026-02-12,frango_grelhado,50,0,0,25.1,0
2026-02-12,lasanha,31,0,0,25.1,0
2026-02-12,salada_caesar,32,0,0,25.1,0
2026-02-13,feijoada,62,0,0,23.9,0
2026-02-13,strogonoff,45,0,0,23.9,0
2026-02-13,frango_grelhado,50,0,0,23.9,0
2026-02-13,lasanha,36,0,0,23.9,0
2026-02-13,salada_caesar,33,0,0,23.9,0
2026-02-14,feijoada,61,0,1,22.7,0
2026-02-14,strogonoff,45,0,1,22.7,0
2026-02-14,frango_grelhado,58,0,1,22.7,0
2026-02-14,lasanha,48,0,1,22.7,0
2026-02-14,salada_caesar,25,0,1,22.7,0
2026-02-15,feijoada,57,0,1,23.0,0
2026-02-15,strogonoff,47,0,1,23.0,0
2026-02-15,frango_grelhado,57,0,1,23.0,0
2026-02-15,lasanha,42,0,1,23.0,0
2026-02-15,salada_caesar,31,0,1,23.0,0
2026-02-16,feijoada,34,1,0,21.4,0
2026-02-16,strogonoff,45,1,0,21.4,0
2026-02-16,frango_grelhado,62,1,0,21.4,0
2026-02-16,lasanha,38,1,0,21.4,0
2026-02-16,salada_caesar,52,1,0,21.4,0
2026-02-17,feijoada,29,1,0,24.1,0
2026-02-17,strogonoff,43,1,0,24.1,0
2026-02-17,frango_grelhado,56,1,0,24.1,0
2026-02-17,lasanha,36,1,0,24.1,0
2026-02-17,salada_caesar,53,1,0,24.1,0
2026-02-18,feijoada,25,0,0,24.3,0
2026-02-18,strogonoff,34,0,0,24.3,0
2026-02-18,frango_grelhado,42,0,0,24.3,0
2026-02-18,lasanha,32,0,0,24.3,0
2026-02-18,salada_caesar,43,0,0,24.3,0
2026-02-19,feijoada,43,0,0,22.1,0
2026-02-19,strogonoff,36,0,0,22.1,0
2026-02-19,frango_grelhado,40,0,0,22.1,0
2026-02-19,lasanha,36,0,0,22.1,0
2026-02-19,salada_caesar,34,0,0,22.1,0
2026-02-20,feijoada,36,0,0,21.7,0
2026-02-20,strogonoff,46,0,0,21.7,0
2026-02-20,frango_grelhado,41,0,0,21.7,0
2026-02-20,lasanha,41,0,0,21.7,0
2026-02-20,salada_caesar,33,0,0,21.7,0
2026-02-21,feijoada,51,0,1,23.9,0
2026-02-21,strogonoff,46,0,1,23.9,0
2026-02-21,frango_grelhado,46,0,1,23.9,0
2026-02-21,lasanha,50,0,1,23.9,0
2026-02-21,salada_caesar,28,0,1,23.9,0
2026-02-22,feijoada,40,0,1,26.1,0
2026-02-22,strogonoff,46,0,1,26.1,0
2026-02-22,frango_grelhado,56,0,1,26.1,0
2026-02-22,lasanha,74,0,1,26.1,0
2026-02-22,salada_caesar,27,0,1,26.1,0
2026-02-23,feijoada,31,0,0,29.6,1
2026-02-23,strogonoff,30,0,0,29.6,0
2026-02-23,frango_grelhado,51,0,0,29.6,0
2026-02-23,lasanha,28,0,0,29.6,0
2026-02-23,salada_caesar,40,0,0,29.6,0
2026-02-24,feijoada,32,0,0,33.4,1
2026-02-24,strogonoff,28,0,0,33.4,0
2026-02-24,frango_grelhado,51,0,0,33.4,0
2026-02-24,lasanha,23,0,0,33.4,0
2026-02-24,salada_caesar,46,0,0,33.4,0
2026-02-25,feijoada,37,0,0,31.2,1
2026-02-25,strogonoff,36,0,0,31.2,0
2026-02-25,frango_grelhado,39,0,0,31.2,0
2026-02-25,lasanha,31,0,0,31.2,0
2026-02-25,salada_caesar,43,0,0,31.2,0
2026-02-26,feijoada,49,0,0,27.4,1
2026-02-26,strogonoff,36,0,0,27.4,0
2026-02-26,frango_grelhado,50,0,0,27.4,0
2026-02-26,lasanha,42,0,0,27.4,0
2026-02-26,salada_caesar,32,0,0,27.4,0
2026-02-27,feijoada,37,0,0,23.0,0
2026-02-27,strogonoff,39,0,0,23.0,0
2026-02-27,frango_grelhado,47,0,0,23.0,0
2026-02-27,lasanha,45,0,0,23.0,0
2026-02-27,salada_caesar,27,0,0,23.0,0
2026-02-28,feijoada,61,0,1,24.8,0
2026-02-28,strogonoff,49,0,1,24.8,0
2026-02-28,frango_grelhado,55,0,1,24.8,0
2026-02-28,lasanha,47,0,1,24.8,0
2026-02-28,salada_caesar,23,0,1,24.8,0
2026-03-01,feijoada,62,0,1,23.9,0
2026-03-01,strogonoff,47,0,1,23.9,0
2026-03-01,frango_grelhado,54,0,1,23.9,0
2026-03-01,lasanha,51,0,1,23.9,0
2026-03-01,salada_caesar,18,0,1,23.9,0
2026-03-02,feijoada,35,0,0,24.2,0
2026-03-02,strogonoff,34,0,0,24.2,0
2026-03-02,frango_grelhado,45,0,0,24.2,0
2026-03-02,lasanha,27,0,0,24.2,0
2026-03-02,salada_caesar,24,0,0,24.2,0
2026-03-03,feijoada,40,0,0,24.0,0
2026-03-03,strogonoff,39,0,0,24.0,0
2026-03-03,frango_grelhado,49,0,0,24.0,0
2026-03-03,lasanha,33,0,0,24.0,0
2026-03-03,salada_caesar,21,0,0,24.0,0
2026-03-04,feijoada,33,0,0,24.7,0
2026-03-04,strogonoff,35,0,0,24.7,0
2026-03-04,frango_grelhado,40,0,0,24.7,0
2026-03-04,lasanha,40,0,0,24.7,0
2026-03-04,salada_caesar,23,0,0,24.7,0
2026-03-05,feijoada,34,0,0,27.4,0
2026-03-05,strogonoff,31,0,0,27.4,0
2026-03-05,frango_grelhado,41,0,0,27.4,0
2026-03-05,lasanha,39,0,0,27.4,0
2026-03-05,salada_caesar,26,0,0,27.4,0
2026-03-06,feijoada,32,0,0,27.4,0
2026-03-06,strogonoff,42,0,0,27.4,0
2026-03-06,frango_grelhado,57,0,0,27.4,0
2026-03-06,lasanha,43,0,0,27.4,0
2026-03-06,salada_caesar,34,0,0,27.4,0
2026-03-07,feijoada,47,0,1,26.8,0
2026-03-07,strogonoff,39,0,1,26.8,0
2026-03-07,frango_grelhado,50,0,1,26.8,0
2026-03-07,lasanha,43,0,1,26.8,0
2026-03-07,salada_caesar,26,0,1,26.8,0
2026-03-08,feijoada,45,0,1,24.9,0
2026-03-08,strogonoff,43,0,1,24.9,0
2026-03-08,frango_grelhado,51,0,1,24.9,0
2026-03-08,lasanha,46,0,1,24.9,0
2026-03-08,salada_caesar,16,0,1,24.9,0
2026-03-09,feijoada,24,0,0,22.7,0
2026-03-09,strogonoff,27,0,0,22.7,0
2026-03-09,frango_grelhado,48,0,0,22.7,0
2026-03-09,lasanha,28,0,0,22.7,0
2026-03-09,salada_caesar,35,0,0,22.7,0
2026-03-10,feijoada,25,0,0,23.5,0
2026-03-10,strogonoff,27,0,0,23.5,0
2026-03-10,frango_grelhado,44,0,0,23.5,0
2026-03-10,lasanha,39,0,0,23.5,0
2026-03-10,salada_caesar,26,0,0,23.5,0
2026-03-11,feijoada,28,0,0,24.8,0
2026-03-11,strogonoff,30,0,0,24.8,0
2026-03-11,frango_grelhado,55,0,0,24.8,0
2026-03-11,lasanha,36,0,0,24.8,0
2026-03-11,salada_caesar,33,0,0,24.8,0
2026-03-12,feijoada,34,0,0,28.9,0
2026-03-12,strogonoff,30,0,0,28.9,0
2026-03-12,frango_grelhado,52,0,0,28.9,0
2026-03-12,lasanha,33,0,0,28.9,0
2026-03-12,salada_caesar,35,0,0,28.9,0
2026-03-13,feijoada,35,0,0,28.4,0
2026-03-13,strogonoff,43,0,0,28.4,0
2026-03-13,frango_grelhado,58,0,0,28.4,0
2026-03-13,lasanha,40,0,0,28.4,0
2026-03-13,salada_caesar,43,0,0,28.4,0
2026-03-14,feijoada,48,0,1,29.6,0
2026-03-14,strogonoff,40,0,1,29.6,0
2026-03-14,frango_grelhado,73,0,1,29.6,0
2026-03-14,lasanha,56,0,1,29.6,0
2026-03-14,salada_caesar,28,0,1,29.6,0
2026-03-15,feijoada,55,0,1,27.8,0
2026-03-15,strogonoff,39,0,1,27.8,0
2026-03-15,frango_grelhado,48,0,1,27.8,0
2026-03-15,lasanha,55,0,1,27.8,0
2026-03-15,salada_caesar,30,0,1,27.8,0
2026-03-16,feijoada,27,0,0,25.4,0
2026-03-16,strogonoff,32,0,0,25.4,0
2026-03-16,frango_grelhado,46,0,0,25.4,0
2026-03-16,lasanha,31,0,0,25.4,0
2026-03-16,salada_caesar,35,0,0,25.4,0
2026-03-17,feijoada,31,0,0,24.4,0
2026-03-17,strogonoff,32,0,0,24.4,0
2026-03-17,frango_grelhado,51,0,0,24.4,0
2026-03-17,lasanha,35,0,0,24.4,0
2026-03-17,salada_caesar,32,0,0,24.4,0
2026-03-18,feijoada,34,0,0,24.3,0
2026-03-18,strogonoff,38,0,0,24.3,0
2026-03-18,frango_grelhado,48,0,0,24.3,0
2026-03-18,lasanha,37,0,0,24.3,0
2026-03-18,salada_caesar,34,0,0,24.3,0
2026-03-19,feijoada,30,0,0,29.4,0
2026-03-19,strogonoff,32,0,0,29.4,0
2026-03-19,frango_grelhado,58,0,0,29.4,0
2026-03-19,lasanha,33,0,0,29.4,0
2026-03-19,salada_caesar,34,0,0,29.4,0
2026-03-20,feijoada,33,0,0,27.1,0
2026-03-20,strogonoff,35,0,0,27.1,0
2026-03-20,frango_grelhado,60,0,0,27.1,0
2026-03-20,lasanha,43,0,0,27.1,0
2026-03-20,salada_caesar,28,0,0,27.1,0
2026-03-21,feijoada,50,0,1,28.8,0
2026-03-21,strogonoff,37,0,1,28.8,0
2026-03-21,frango_grelhado,59,0,1,28.8,0
2026-03-21,lasanha,48,0,1,28.8,0
2026-03-21,salada_caesar,26,0,1,28.8,0
2026-03-22,feijoada,59,0,1,26.6,0
2026-03-22,strogonoff,42,0,1,26.6,0
2026-03-22,frango_grelhado,56,0,1,26.6,0
2026-03-22,lasanha,52,0,1,26.6,0
2026-03-22,salada_caesar,22,0,1,26.6,0
2026-03-23,feijoada,24,0,0,28.7,0
2026-03-23,strogonoff,32,0,0,28.7,0
2026-03-23,frango_grelhado,47,0,0,28.7,0
2026-03-23,lasanha,36,0,0,28.7,0
2026-03-23,salada_caesar,44,0,0,28.7,0
2026-03-24,feijoada,25,0,0,28.9,0
2026-03-24,strogonoff,33,0,0,28.9,0
2026-03-24,frango_grelhado,40,0,0,28.9,0
2026-03-24,lasanha,36,0,0,28.9,0
2026-03-24,salada_caesar,43,0,0,28.9,0
2026-03-25,feijoada,28,0,0,28.1,0
2026-03-25,strogonoff,35,0,0,28.1,0
2026-03-25,frango_grelhado,36,0,0,28.1,0
2026-03-25,lasanha,31,0,0,28.1,0
2026-03-25,salada_caesar,37,0,0,28.1,0
2026-03-26,feijoada,31,0,0,27.9,0
2026-03-26,strogonoff,30,0,0,27.9,0
2026-03-26,frango_grelhado,44,0,0,27.9,0
2026-03-26,lasanha,36,0,0,27.9,0
2026-03-26,salada_caesar,37,0,0,27.9,0
2026-03-27,feijoada,35,0,0,26.6,0
2026-03-27,strogonoff,39,0,0,26.6,0
2026-03-27,frango_grelhado,43,0,0,26.6,0
2026-03-27,lasanha,45,0,0,26.6,0
2026-03-27,salada_caesar,31,0,0,26.6,0
2026-03-28,feijoada,58,0,1,27.9,0
2026-03-28,strogonoff,45,0,1,27.9,0
2026-03-28,frango_grelhado,59,0,1,27.9,0
2026-03-28,lasanha,58,0,1,27.9,0
2026-03-28,salada_caesar,22,0,1,27.9,0
2026-03-29,feijoada,55,0,1,27.0,0
2026-03-29,strogonoff,50,0,1,27.0,0
2026-03-29,frango_grelhado,46,0,1,27.0,0
2026-03-29,lasanha,48,0,1,27.0,0
2026-03-29,salada_caesar,20,0,1,27.0,0
2026-03-30,feijoada,24,0,0,25.1,0
2026-03-30,strogonoff,36,0,0,25.1,0
2026-03-30,frango_grelhado,37,0,0,25.1,0
2026-03-30,lasanha,31,0,0,25.1,0
2026-03-30,salada_caesar,29,0,0,25.1,0
2026-03-31,feijoada,31,0,0,23.9,0
2026-03-31,strogonoff,31,0,0,23.9,0
2026-03-31,frango_grelhado,33,0,0,23.9,0
2026-03-31,lasanha,35,0,0,23.9,0
2026-03-31,salada_caesar,26,0,0,23.9,0
2026-04-01,feijoada,33,0,0,25.8,0
2026-04-01,strogonoff,31,0,0,25.8,0
2026-04-01,frango_grelhado,51,0,0,25.8,0
2026-04-01,lasanha,52,0,0,25.8,0
2026-04-01,salada_caesar,26,0,0,25.8,0
2026-04-02,feijoada,47,0,0,29.5,0
2026-04-02,strogonoff,38,0,0,29.5,0
2026-04-02,frango_grelhado,53,0,0,29.5,0
2026-04-02,lasanha,46,0,0,29.5,0
2026-04-02,salada_caesar,27,0,0,29.5,0
2026-04-03,feijoada,61,1,0,29.1,0
2026-04-03,strogonoff,43,1,0,29.1,0
2026-04-03,frango_grelhado,74,1,0,29.1,0
2026-04-03,lasanha,57,1,0,29.1,0
2026-04-03,salada_caesar,29,1,0,29.1,0
2026-04-04,feijoada,71,0,1,28.4,0
2026-04-04,strogonoff,33,0,1,28.4,0
2026-04-04,frango_grelhado,51,0,1,28.4,0
2026-04-04,lasanha,64,0,1,28.4,0
2026-04-04,salada_caesar,18,0,1,28.4,0
2026-04-05,feijoada,71,0,1,28.7,0
2026-04-05,strogonoff,37,0,1,28.7,0
2026-04-05,frango_grelhado,62,0,1,28.7,0
2026-04-05,lasanha,56,0,1,28.7,0
2026-04-05,salada_caesar,17,0,1,28.7,0
2026-04-06,feijoada,36,0,0,30.8,0
2026-04-06,strogonoff,35,0,0,30.8,0
2026-04-06,frango_grelhado,47,0,0,30.8,0
2026-04-06,lasanha,33,0,0,30.8,0
2026-04-06,salada_caesar,22,0,0,30.8,0
2026-04-07,feijoada,41,0,0,30.0,0
2026-04-07,strogonoff,33,0,0,30.0,0
2026-04-07,frango_grelhado,50,0,0,30.0,0
2026-04-07,lasanha,41,0,0,30.0,0
2026-04-07,salada_caesar,25,0,0,30.0,0
2026-04-08,feijoada,41,0,0,28.5,0
2026-04-08,strogonoff,29,0,0,28.5,0
2026-04-08,frango_grelhado,49,0,0,28.5,0
2026-04-08,lasanha,46,0,0,28.5,0
2026-04-08,salada_caesar,27,0,0,28.5,0
2026-04-09,feijoada,41,0,0,30.3,0
2026-04-09,strogonoff,40,0,0,30.3,0
2026-04-09,frango_grelhado,60,0,0,30.3,0
2026-04-09,lasanha,42,0,0,30.3,0
2026-04-09,salada_caesar,28,0,0,30.3,0
2026-04-10,feijoada,47,0,0,30.1,0
2026-04-10,strogonoff,36,0,0,30.1,0
2026-04-10,frango_grelhado,52,0,0,30.1,0
2026-04-10,lasanha,42,0,0,30.1,0
2026-04-10,salada_caesar,32,0,0,30.1,0
2026-04-11,feijoada,65,0,1,32.0,0
2026-04-11,strogonoff,44,0,1,32.0,0
2026-04-11,frango_grelhado,55,0,1,32.0,0
2026-04-11,lasanha,37,0,1,32.0,0
2026-04-11,salada_caesar,28,0,1,32.0,0
2026-04-12,feijoada,51,0,1,30.7,0
2026-04-12,strogonoff,49,0,1,30.7,0
2026-04-12,frango_grelhado,53,0,1,30.7,0
2026-04-12,lasanha,45,0,1,30.7,0
2026-04-12,salada_caesar,19,0,1,30.7,0
2026-04-13,feijoada,30,0,0,27.4,0
2026-04-13,strogonoff,34,0,0,27.4,0
2026-04-13,frango_grelhado,51,0,0,27.4,0
2026-04-13,lasanha,30,0,0,27.4,0
2026-04-13,salada_caesar,30,0,0,27.4,0
2026-04-14,feijoada,27,0,0,25.2,0
2026-04-14,strogonoff,46,0,0,25.2,1
2026-04-14,frango_grelhado,51,0,0,25.2,0
2026-04-14,lasanha,40,0,0,25.2,0
2026-04-14,salada_caesar,25,0,0,25.2,0
2026-04-15,feijoada,26,0,0,29.3,0
2026-04-15,strogonoff,53,0,0,29.3,1
2026-04-15,frango_grelhado,59,0,0,29.3,0
2026-04-15,lasanha,42,0,0,29.3,0
2026-04-15,salada_caesar,24,0,0,29.3,0
2026-04-16,feijoada,34,0,0,31.9,0
2026-04-16,strogonoff,40,0,0,31.9,1
2026-04-16,frango_grelhado,65,0,0,31.9,0
2026-04-16,lasanha,34,0,0,31.9,0
2026-04-16,salada_caesar,26,0,0,31.9,0
2026-04-17,feijoada,42,0,0,30.0,0
2026-04-17,strogonoff,39,0,0,30.0,0
2026-04-17,frango_grelhado,60,0,0,30.0,0
2026-04-17,lasanha,36,0,0,30.0,0
2026-04-17,salada_caesar,25,0,0,30.0,0
2026-04-18,feijoada,70,0,1,28.5,0
2026-04-18,strogonoff,49,0,1,28.5,0
2026-04-18,frango_grelhado,60,0,1,28.5,0
2026-04-18,lasanha,50,0,1,28.5,0
2026-04-18,salada_caesar,20,0,1,28.5,0
2026-04-19,feijoada,54,0,1,30.9,0
2026-04-19,strogonoff,48,0,1,30.9,0
2026-04-19,frango_grelhado,60,0,1,30.9,0
2026-04-19,lasanha,52,0,1,30.9,0
2026-04-19,salada_caesar,17,0,1,30.9,0
2026-04-20,feijoada,28,0,0,27.8,0
2026-04-20,strogonoff,32,0,0,27.8,0
2026-04-20,frango_grelhado,58,0,0,27.8,0
2026-04-20,lasanha,39,0,0,27.8,0
2026-04-20,salada_caesar,23,0,0,27.8,0
2026-04-21,feijoada,38,1,0,26.2,0
2026-04-21,strogonoff,41,1,0,26.2,0
2026-04-21,frango_grelhado,68,1,0,26.2,0
2026-04-21,lasanha,43,1,0,26.2,0
2026-04-21,salada_caesar,28,1,0,26.2,0
2026-04-22,feijoada,28,0,0,28.1,0
2026-04-22,strogonoff,31,0,0,28.1,0
2026-04-22,frango_grelhado,59,0,0,28.1,0
2026-04-22,lasanha,28,0,0,28.1,0
2026-04-22,salada_caesar,24,0,0,28.1,0
2026-04-23,feijoada,26,0,0,27.3,0
2026-04-23,strogonoff,29,0,0,27.3,0
2026-04-23,frango_grelhado,58,0,0,27.3,0
2026-04-23,lasanha,33,0,0,27.3,0
2026-04-23,salada_caesar,22,0,0,27.3,0
2026-04-24,feijoada,40,0,0,27.6,0
2026-04-24,strogonoff,31,0,0,27.6,0
2026-04-24,frango_grelhado,102,0,0,27.6,0
2026-04-24,lasanha,39,0,0,27.6,0
2026-04-24,salada_caesar,22,0,0,27.6,0
2026-04-25,feijoada,80,0,1,27.4,0
2026-04-25,strogonoff,41,0,1,27.4,0
2026-04-25,frango_grelhado,58,0,1,27.4,0
2026-04-25,lasanha,54,0,1,27.4,0
2026-04-25,salada_caesar,19,0,1,27.4,0
2026-04-26,feijoada,62,0,1,28.2,0
2026-04-26,strogonoff,41,0,1,28.2,0
2026-04-26,frango_grelhado,57,0,1,28.2,0
2026-04-26,lasanha,63,0,1,28.2,0
2026-04-26,salada_caesar,17,0,1,28.2,0
2026-04-27,feijoada,30,0,0,30.6,0
2026-04-27,strogonoff,34,0,0,30.6,0
2026-04-27,frango_grelhado,52,0,0,30.6,0
2026-04-27,lasanha,34,0,0,30.6,0
2026-04-27,salada_caesar,27,0,0,30.6,0
2026-04-28,feijoada,27,0,0,29.7,0
2026-04-28,strogonoff,24,0,0,29.7,0
2026-04-28,frango_grelhado,43,0,0,29.7,0
2026-04-28,lasanha,41,0,0,29.7,0
2026-04-28,salada_caesar,18,0,0,29.7,0
2026-04-29,feijoada,31,0,0,30.1,0
2026-04-29,strogonoff,25,0,0,30.1,0
2026-04-29,frango_grelhado,45,0,0,30.1,0
2026-04-29,lasanha,38,0,0,30.1,0
2026-04-29,salada_caesar,25,0,0,30.1,0
2026-04-30,feijoada,33,0,0,25.5,0
2026-04-30,strogonoff,29,0,0,25.5,0
2026-04-30,frango_grelhado,50,0,0,25.5,0
2026-04-30,lasanha,45,0,0,25.5,0
2026-04-30,salada_caesar,19,0,0,25.5,0
2026-05-01,feijoada,74,1,0,26.3,0
2026-05-01,strogonoff,47,1,0,26.3,0
2026-05-01,frango_grelhado,64,1,0,26.3,0
2026-05-01,lasanha,70,1,0,26.3,0
2026-05-01,salada_caesar,20,1,0,26.3,0
2026-05-02,feijoada,98,0,1,25.4,0
2026-05-02,strogonoff,36,0,1,25.4,0
2026-05-02,frango_grelhado,49,0,1,25.4,0
2026-05-02,lasanha,69,0,1,25.4,0
2026-05-02,salada_caesar,12,0,1,25.4,0
2026-05-03,feijoada,83,0,1,24.1,0
2026-05-03,strogonoff,28,0,1,24.1,0
2026-05-03,frango_grelhado,55,0,1,24.1,0
2026-05-03,lasanha,55,0,1,24.1,0
2026-05-03,salada_caesar,8,0,1,24.1,0
2026-05-04,feijoada,47,0,0,24.0,0
2026-05-04,strogonoff,23,0,0,24.0,0
2026-05-04,frango_grelhado,61,0,0,24.0,0
2026-05-04,lasanha,33,0,0,24.0,0
2026-05-04,salada_caesar,18,0,0,24.0,1
2026-05-05,feijoada,60,0,0,24.8,0
2026-05-05,strogonoff,25,0,0,24.8,0
2026-05-05,frango_grelhado,61,0,0,24.8,0
2026-05-05,lasanha,38,0,0,24.8,0
2026-05-05,salada_caesar,18,0,0,24.8,1
2026-05-06,feijoada,53,0,0,27.6,0
2026-05-06,strogonoff,30,0,0,27.6,0
2026-05-06,frango_grelhado,62,0,0,27.6,0
2026-05-06,lasanha,32,0,0,27.6,0
2026-05-06,salada_caesar,21,0,0,27.6,1
2026-05-07,feijoada,57,0,0,25.2,0
2026-05-07,strogonoff,34,0,0,25.2,0
2026-05-07,frango_grelhado,48,0,0,25.2,0
2026-05-07,lasanha,34,0,0,25.2,0
2026-05-07,salada_caesar,20,0,0,25.2,1
2026-05-08,feijoada,136,0,0,26.2,0
2026-05-08,strogonoff,39,0,0,26.2,0
2026-05-08,frango_grelhado,57,0,0,26.2,0
2026-05-08,lasanha,41,0,0,26.2,0
2026-05-08,salada_caesar,23,0,0,26.2,0
2026-05-09,feijoada,103,0,1,25.8,0
2026-05-09,strogonoff,39,0,1,25.8,0
2026-05-09,frango_grelhado,72,0,1,25.8,0
2026-05-09,lasanha,52,0,1,25.8,0
2026-05-09,salada_caesar,14,0,1,25.8,0
2026-05-10,feijoada,110,0,1,25.9,0
2026-05-10,strogonoff,47,0,1,25.9,0
2026-05-10,frango_grelhado,72,0,1,25.9,0
2026-05-10,lasanha,62,0,1,25.9,0
2026-05-10,salada_caesar,11,0,1,25.9,0
2026-05-11,feijoada,52,0,0,28.3,0
2026-05-11,strogonoff,29,0,0,28.3,0
2026-05-11,frango_grelhado,63,0,0,28.3,0
2026-05-11,lasanha,42,0,0,28.3,0
2026-05-11,salada_caesar,17,0,0,28.3,0
2026-05-12,feijoada,37,0,0,28.9,0
2026-05-12,strogonoff,28,0,0,28.9,0
2026-05-12,frango_grelhado,68,0,0,28.9,0
2026-05-12,lasanha,30,0,0,28.9,0
2026-05-12,salada_caesar,16,0,0,28.9,0
2026-05-13,feijoada,46,0,0,30.7,0
2026-05-13,strogonoff,30,0,0,30.7,0
2026-05-13,frango_grelhado,61,0,0,30.7,0
2026-05-13,lasanha,36,0,0,30.7,0
2026-05-13,salada_caesar,20,0,0,30.7,0
2026-05-14,feijoada,71,0,0,29.0,1
2026-05-14,strogonoff,23,0,0,29.0,0
2026-05-14,frango_grelhado,56,0,0,29.0,0
2026-05-14,lasanha,37,0,0,29.0,0
2026-05-14,salada_caesar,20,0,0,29.0,0
2026-05-15,feijoada,106,0,0,27.0,1
2026-05-15,strogonoff,26,0,0,27.0,0
2026-05-15,frango_grelhado,61,0,0,27.0,0
2026-05-15,lasanha,46,0,0,27.0,0
2026-05-15,salada_caesar,20,0,0,27.0,0
2026-05-16,feijoada,161,0,1,26.7,1
2026-05-16,strogonoff,31,0,1,26.7,0
2026-05-16,frango_grelhado,66,0,1,26.7,0
2026-05-16,lasanha,73,0,1,26.7,0
2026-05-16,salada_caesar,15,0,1,26.7,0
2026-05-17,feijoada,107,0,1,27.3,0
2026-05-17,strogonoff,26,0,1,27.3,0
2026-05-17,frango_grelhado,57,0,1,27.3,0
2026-05-17,lasanha,66,0,1,27.3,0
2026-05-17,salada_caesar,13,0,1,27.3,0
2026-05-18,feijoada,44,0,0,27.5,0
2026-05-18,strogonoff,20,0,0,27.5,0
2026-05-18,frango_grelhado,55,0,0,27.5,0
2026-05-18,lasanha,40,0,0,27.5,0
2026-05-18,salada_caesar,20,0,0,27.5,0
2026-05-19,feijoada,42,0,0,25.3,0
2026-05-19,strogonoff,21,0,0,25.3,0
2026-05-19,frango_grelhado,63,0,0,25.3,0
2026-05-19,lasanha,39,0,0,25.3,0
2026-05-19,salada_caesar,24,0,0,25.3,0
2026-05-20,feijoada,49,0,0,26.1,0
2026-05-20,strogonoff,29,0,0,26.1,0
2026-05-20,frango_grelhado,58,0,0,26.1,0
2026-05-20,lasanha,41,0,0,26.1,0
2026-05-20,salada_caesar,20,0,0,26.1,0
2026-05-21,feijoada,58,0,0,26.8,0
2026-05-21,strogonoff,28,0,0,26.8,0
2026-05-21,frango_grelhado,60,0,0,26.8,0
2026-05-21,lasanha,47,0,0,26.8,0
2026-05-21,salada_caesar,19,0,0,26.8,0
2026-05-22,feijoada,58,0,0,31.4,0
2026-05-22,strogonoff,26,0,0,31.4,0
2026-05-22,frango_grelhado,67,0,0,31.4,0
2026-05-22,lasanha,53,0,0,31.4,0
2026-05-22,salada_caesar,20,0,0,31.4,0
2026-05-23,feijoada,90,0,1,32.9,0
2026-05-23,strogonoff,31,0,1,32.9,0
2026-05-23,frango_grelhado,79,0,1,32.9,0
2026-05-23,lasanha,59,0,1,32.9,0
2026-05-23,salada_caesar,18,0,1,32.9,0
2026-05-24,feijoada,95,0,1,28.9,0
2026-05-24,strogonoff,25,0,1,28.9,0
2026-05-24,frango_grelhado,68,0,1,28.9,0
2026-05-24,lasanha,78,0,1,28.9,0
2026-05-24,salada_caesar,15,0,1,28.9,0
2026-05-25,feijoada,49,0,0,27.5,0
2026-05-25,strogonoff,21,0,0,27.5,0
2026-05-25,frango_grelhado,64,0,0,27.5,0
2026-05-25,lasanha,44,0,0,27.5,0
2026-05-25,salada_caesar,22,0,0,27.5,0
2026-05-26,feijoada,49,0,0,24.5,0
2026-05-26,strogonoff,18,0,0,24.5,0
2026-05-26,frango_grelhado,71,0,0,24.5,0
2026-05-26,lasanha,57,0,0,24.5,0
2026-05-26,salada_caesar,17,0,0,24.5,0
2026-05-27,feijoada,53,0,0,24.2,0
2026-05-27,strogonoff,22,0,0,24.2,0
2026-05-27,frango_grelhado,61,0,0,24.2,0
2026-05-27,lasanha,50,0,0,24.2,0
2026-05-27,salada_caesar,20,0,0,24.2,0
2026-05-28,feijoada,45,0,0,25.7,0
2026-05-28,strogonoff,21,0,0,25.7,0
2026-05-28,frango_grelhado,56,0,0,25.7,0
2026-05-28,lasanha,58,0,0,25.7,0
2026-05-28,salada_caesar,24,0,0,25.7,0
2026-05-29,feijoada,53,0,0,28.1,0
2026-05-29,strogonoff,21,0,0,28.1,0
2026-05-29,frango_grelhado,53,0,0,28.1,0
2026-05-29,lasanha,67,0,0,28.1,0
2026-05-29,salada_caesar,20,0,0,28.1,0
2026-05-30,feijoada,93,0,1,26.1,0
2026-05-30,strogonoff,27,0,1,26.1,0
2026-05-30,frango_grelhado,67,0,1,26.1,0
2026-05-30,lasanha,69,0,1,26.1,0
2026-05-30,salada_caesar,29,0,1,26.1,0
2026-05-31,feijoada,96,0,1,24.9,0
2026-05-31,strogonoff,29,0,1,24.9,0
2026-05-31,frango_grelhado,60,0,1,24.9,0
2026-05-31,lasanha,65,0,1,24.9,0
2026-05-31,salada_caesar,13,0,1,24.9,0
2026-06-01,feijoada,76,0,0,21.5,0
2026-06-01,strogonoff,21,0,0,21.5,0
2026-06-01,frango_grelhado,53,0,0,21.5,0
2026-06-01,lasanha,46,0,0,21.5,0
2026-06-01,salada_caesar,10,0,0,21.5,0
2026-06-02,feijoada,72,0,0,23.1,0
2026-06-02,strogonoff,21,0,0,23.1,0
2026-06-02,frango_grelhado,46,0,0,23.1,0
2026-06-02,lasanha,89,0,0,23.1,0
2026-06-02,salada_caesar,11,0,0,23.1,0
2026-06-03,feijoada,53,0,0,22.3,0
2026-06-03,strogonoff,18,0,0,22.3,0
2026-06-03,frango_grelhado,50,0,0,22.3,0
2026-06-03,lasanha,45,0,0,22.3,0
2026-06-03,salada_caesar,11,0,0,22.3,0
2026-06-04,feijoada,96,1,0,22.8,0
2026-06-04,strogonoff,27,1,0,22.8,0
2026-06-04,frango_grelhado,61,1,0,22.8,0
2026-06-04,lasanha,54,1,0,22.8,0
2026-06-04,salada_caesar,13,1,0,22.8,0
2026-06-05,feijoada,90,0,0,22.4,0
2026-06-05,strogonoff,19,0,0,22.4,0
2026-06-05,frango_grelhado,54,0,0,22.4,0
2026-06-05,lasanha,78,0,0,22.4,0
2026-06-05,salada_caesar,10,0,0,22.4,0
2026-06-06,feijoada,149,0,1,23.6,0
2026-06-06,strogonoff,22,0,1,23.6,0
2026-06-06,frango_grelhado,59,0,1,23.6,0
2026-06-06,lasanha,92,0,1,23.6,0
2026-06-06,salada_caesar,9,0,1,23.6,0
2026-06-07,feijoada,131,0,1,21.2,0
2026-06-07,strogonoff,30,0,1,21.2,0
2026-06-07,frango_grelhado,59,0,1,21.2,0
2026-06-07,lasanha,94,0,1,21.2,0
2026-06-07,salada_caesar,6,0,1,21.2,0
2026-06-08,feijoada,73,0,0,20.3,0
2026-06-08,strogonoff,18,0,0,20.3,0
2026-06-08,frango_grelhado,70,0,0,20.3,0
2026-06-08,lasanha,55,0,0,20.3,0
2026-06-08,salada_caesar,11,0,0,20.3,0
2026-06-09,feijoada,74,0,0,26.2,0
2026-06-09,strogonoff,15,0,0,26.2,0
2026-06-09,frango_grelhado,58,0,0,26.2,0
2026-06-09,lasanha,52,0,0,26.2,0
2026-06-09,salada_caesar,12,0,0,26.2,0
2026-06-10,feijoada,62,0,0,23.6,0
2026-06-10,strogonoff,16,0,0,23.6,0
2026-06-10,frango_grelhado,58,0,0,23.6,0
2026-06-10,lasanha,55,0,0,23.6,0
2026-06-10,salada_caesar,12,0,0,23.6,0
2026-06-11,feijoada,82,0,0,22.3,0
2026-06-11,strogonoff,19,0,0,22.3,0
2026-06-11,frango_grelhado,54,0,0,22.3,0
2026-06-11,lasanha,93,0,0,22.3,0
2026-06-11,salada_caesar,10,0,0,22.3,0
2026-06-12,feijoada,69,0,0,26.8,0
2026-06-12,strogonoff,22,0,0,26.8,0
2026-06-12,frango_grelhado,60,0,0,26.8,0
2026-06-12,lasanha,56,0,0,26.8,0
2026-06-12,salada_caesar,13,0,0,26.8,0
2026-06-13,feijoada,87,0,1,31.4,0
2026-06-13,strogonoff,28,0,1,31.4,0
2026-06-13,frango_grelhado,70,0,1,31.4,0
2026-06-13,lasanha,64,0,1,31.4,0
2026-06-13,salada_caesar,10,0,1,31.4,0
2026-06-14,feijoada,104,0,1,26.7,0
2026-06-14,strogonoff,26,0,1,26.7,0
2026-06-14,frango_grelhado,72,0,1,26.7,0
2026-06-14,lasanha,80,0,1,26.7,0
2026-06-14,salada_caesar,8,0,1,26.7,0
2026-06-15,feijoada,71,0,0,25.4,0
2026-06-15,strogonoff,18,0,0,25.4,0
2026-06-15,frango_grelhado,65,0,0,25.4,0
2026-06-15,lasanha,44,0,0,25.4,0
2026-06-15,salada_caesar,12,0,0,25.4,0
2026-06-16,feijoada,53,0,0,25.8,0
2026-06-16,strogonoff,21,0,0,25.8,0
2026-06-16,frango_grelhado,65,0,0,25.8,0
2026-06-16,lasanha,50,0,0,25.8,0
2026-06-16,salada_caesar,11,0,0,25.8,0
2026-06-17,feijoada,50,0,0,28.5,0
2026-06-17,strogonoff,20,0,0,28.5,0
2026-06-17,frango_grelhado,70,0,0,28.5,0
2026-06-17,lasanha,47,0,0,28.5,0
2026-06-17,salada_caesar,15,0,0,28.5,0
2026-06-18,feijoada,63,0,0,25.2,0
2026-06-18,strogonoff,22,0,0,25.2,0
2026-06-18,frango_grelhado,66,0,0,25.2,0
2026-06-18,lasanha,49,0,0,25.2,0
2026-06-18,salada_caesar,11,0,0,25.2,0
2026-06-19,feijoada,81,0,0,24.5,0
2026-06-19,strogonoff,28,0,0,24.5,0
2026-06-19,frango_grelhado,63,0,0,24.5,0
2026-06-19,lasanha,62,0,0,24.5,0
2026-06-19,salada_caesar,13,0,0,24.5,0
2026-06-20,feijoada,121,0,1,25.9,0
2026-06-20,strogonoff,30,0,1,25.9,0
2026-06-20,frango_grelhado,67,0,1,25.9,0
2026-06-20,lasanha,69,0,1,25.9,0
2026-06-20,salada_caesar,9,0,1,25.9,0
2026-06-21,feijoada,117,0,1,26.1,0
2026-06-21,strogonoff,31,0,1,26.1,0
2026-06-21,frango_grelhado,110,0,1,26.1,0
2026-06-21,lasanha,51,0,1,26.1,0
2026-06-21,salada_caesar,9,0,1,26.1,0
2026-06-22,feijoada,51,0,0,24.7,0
2026-06-22,strogonoff,18,0,0,24.7,0
2026-06-22,frango_grelhado,51,0,0,24.7,0
2026-06-22,lasanha,42,0,0,24.7,0
2026-06-22,salada_caesar,12,0,0,24.7,0
2026-06-23,feijoada,63,0,0,24.3,0
2026-06-23,strogonoff,18,0,0,24.3,0
2026-06-23,frango_grelhado,62,0,0,24.3,0
2026-06-23,lasanha,46,0,0,24.3,0
2026-06-23,salada_caesar,13,0,0,24.3,0
2026-06-24,feijoada,79,0,0,21.7,0
2026-06-24,strogonoff,20,0,0,21.7,0
2026-06-24,frango_grelhado,61,0,0,21.7,0
2026-06-24,lasanha,50,0,0,21.7,0
2026-06-24,salada_caesar,16,0,0,21.7,0
2026-06-25,feijoada,68,0,0,22.2,0
2026-06-25,strogonoff,18,0,0,22.2,0
2026-06-25,frango_grelhado,129,0,0,22.2,0
2026-06-25,lasanha,57,0,0,22.2,0
2026-06-25,salada_caesar,16,0,0,22.2,0
2026-06-26,feijoada,74,0,0,22.4,0
2026-06-26,strogonoff,26,0,0,22.4,0
2026-06-26,frango_grelhado,67,0,0,22.4,0
2026-06-26,lasanha,59,0,0,22.4,0
2026-06-26,salada_caesar,12,0,0,22.4,0
2026-06-27,feijoada,130,0,1,23.4,0
2026-06-27,strogonoff,32,0,1,23.4,0
2026-06-27,frango_grelhado,59,0,1,23.4,0
2026-06-27,lasanha,84,0,1,23.4,0
2026-06-27,salada_caesar,9,0,1,23.4,0
2026-06-28,feijoada,132,0,1,22.5,0
2026-06-28,strogonoff,29,0,1,22.5,0
2026-06-28,frango_grelhado,56,0,1,22.5,0
2026-06-28,lasanha,72,0,1,22.5,0
2026-06-28,salada_caesar,6,0,1,22.5,0
2026-06-29,feijoada,65,0,0,23.8,0
2026-06-29,strogonoff,23,0,0,23.8,0
2026-06-29,frango_grelhado,57,0,0,23.8,0
2026-06-29,lasanha,57,0,0,23.8,0
2026-06-29,salada_caesar,11,0,0,23.8,0
2026-06-30,feijoada,53,0,0,25.5,0
2026-06-30,strogonoff,21,0,0,25.5,0
2026-06-30,frango_grelhado,53,0,0,25.5,0
2026-06-30,lasanha,43,0,0,25.5,0
2026-06-30,salada_caesar,9,0,0,25.5,0
2026-07-01,feijoada,60,0,0,25.0,0
2026-07-01,strogonoff,19,0,0,25.0,0
2026-07-01,frango_grelhado,62,0,0,25.0,0
2026-07-01,lasanha,41,0,0,25.0,0
2026-07-01,salada_caesar,8,0,0,25.0,0
2026-07-02,feijoada,64,0,0,24.9,0
2026-07-02,strogonoff,18,0,0,24.9,0
2026-07-02,frango_grelhado,52,0,0,24.9,0
2026-07-02,lasanha,42,0,0,24.9,0
2026-07-02,salada_caesar,13,0,0,24.9,0
2026-07-03,feijoada,94,0,0,24.4,0
2026-07-03,strogonoff,22,0,0,24.4,0
2026-07-03,frango_grelhado,70,0,0,24.4,0
2026-07-03,lasanha,43,0,0,24.4,0
2026-07-03,salada_caesar,8,0,0,24.4,0
2026-07-04,feijoada,143,0,1,23.9,0
2026-07-04,strogonoff,27,0,1,23.9,0
2026-07-04,frango_grelhado,70,0,1,23.9,0
2026-07-04,lasanha,54,0,1,23.9,0
2026-07-04,salada_caesar,6,0,1,23.9,0
2026-07-05,feijoada,133,0,1,22.2,0
2026-07-05,strogonoff,26,0,1,22.2,0
2026-07-05,frango_grelhado,67,0,1,22.2,0
2026-07-05,lasanha,59,0,1,22.2,0
2026-07-05,salada_caesar,4,0,1,22.2,0
2026-07-06,feijoada,57,0,0,23.1,0
2026-07-06,strogonoff,21,0,0,23.1,0
2026-07-06,frango_grelhado,52,0,0,23.1,0
2026-07-06,lasanha,32,0,0,23.1,0
2026-07-06,salada_caesar,7,0,0,23.1,0
2026-07-07,feijoada,66,0,0,22.8,0
2026-07-07,strogonoff,18,0,0,22.8,0
2026-07-07,frango_grelhado,53,0,0,22.8,0
2026-07-07,lasanha,39,0,0,22.8,0
2026-07-07,salada_caesar,7,0,0,22.8,0
2026-07-08,feijoada,72,0,0,26.5,0
2026-07-08,strogonoff,19,0,0,26.5,0
2026-07-08,frango_grelhado,56,0,0,26.5,0
2026-07-08,lasanha,42,0,0,26.5,0
2026-07-08,salada_caesar,8,0,0,26.5,0
2026-07-09,feijoada,56,0,0,27.8,0
2026-07-09,strogonoff,21,0,0,27.8,0
2026-07-09,frango_grelhado,69,0,0,27.8,0
2026-07-09,lasanha,37,0,0,27.8,0
2026-07-09,salada_caesar,10,0,0,27.8,0
2026-07-10,feijoada,74,0,0,26.4,0
2026-07-10,strogonoff,28,0,0,26.4,0
2026-07-10,frango_grelhado,84,0,0,26.4,0
2026-07-10,lasanha,41,0,0,26.4,0
2026-07-10,salada_caesar,10,0,0,26.4,0
2026-07-11,feijoada,145,0,1,23.4,0
2026-07-11,strogonoff,25,0,1,23.4,0
2026-07-11,frango_grelhado,89,0,1,23.4,0
2026-07-11,lasanha,50,0,1,23.4,0
2026-07-11,salada_caesar,6,0,1,23.4,0
2026-07-12,feijoada,184,0,1,21.0,0
2026-07-12,strogonoff,27,0,1,21.0,0
2026-07-12,frango_grelhado,52,0,1,21.0,0
2026-07-12,lasanha,54,0,1,21.0,0
2026-07-12,salada_caesar,4,0,1,21.0,0
2026-07-13,feijoada,78,0,0,23.6,0
2026-07-13,strogonoff,22,0,0,23.6,0
2026-07-13,frango_grelhado,55,0,0,23.6,0
2026-07-13,lasanha,35,0,0,23.6,0
2026-07-13,salada_caesar,8,0,0,23.6,0
2026-07-14,feijoada,89,0,0,23.5,0
2026-07-14,strogonoff,21,0,0,23.5,0
2026-07-14,frango_grelhado,48,0,0,23.5,0
2026-07-14,lasanha,36,0,0,23.5,0
2026-07-14,salada_caesar,17,0,0,23.5,0
2026-07-15,feijoada,81,0,0,23.8,0
2026-07-15,strogonoff,22,0,0,23.8,0
2026-07-15,frango_grelhado,53,0,0,23.8,0
2026-07-15,lasanha,36,0,0,23.8,0
2026-07-15,salada_caesar,10,0,0,23.8,0
2026-07-16,feijoada,74,0,0,19.9,0
2026-07-16,strogonoff,21,0,0,19.9,0
2026-07-16,frango_grelhado,50,0,0,19.9,0
2026-07-16,lasanha,45,0,0,19.9,0
2026-07-16,salada_caesar,8,0,0,19.9,0
2026-07-17,feijoada,70,0,0,22.3,0
2026-07-17,strogonoff,37,0,0,22.3,0
2026-07-17,frango_grelhado,47,0,0,22.3,0
2026-07-17,lasanha,54,0,0,22.3,0
2026-07-17,salada_caesar,7,0,0,22.3,0
2026-07-18,feijoada,114,0,1,22.9,0
2026-07-18,strogonoff,26,0,1,22.9,0
2026-07-18,frango_grelhado,49,0,1,22.9,0
2026-07-18,lasanha,60,0,1,22.9,0
2026-07-18,salada_caesar,7,0,1,22.9,0
2026-07-19,feijoada,129,0,1,20.4,0
2026-07-19,strogonoff,22,0,1,20.4,0
2026-07-19,frango_grelhado,56,0,1,20.4,0
2026-07-19,lasanha,61,0,1,20.4,0
2026-07-19,salada_caesar,5,0,1,20.4,0
2026-07-20,feijoada,63,0,0,20.0,0
2026-07-20,strogonoff,22,0,0,20.0,0
2026-07-20,frango_grelhado,54,0,0,20.0,0
2026-07-20,lasanha,39,0,0,20.0,0
2026-07-20,salada_caesar,7,0,0,20.0,0
2026-07-21,feijoada,63,0,0,21.0,0
2026-07-21,strogonoff,21,0,0,21.0,0
2026-07-21,frango_grelhado,51,0,0,21.0,0
2026-07-21,lasanha,35,0,0,21.0,0
2026-07-21,salada_caesar,7,0,0,21.0,0
2026-07-22,feijoada,87,0,0,21.2,0
2026-07-22,strogonoff,21,0,0,21.2,0
2026-07-22,frango_grelhado,55,0,0,21.2,0
2026-07-22,lasanha,40,0,0,21.2,0
2026-07-22,salada_caesar,8,0,0,21.2,0
2026-07-23,feijoada,61,0,0,20.7,0
2026-07-23,strogonoff,24,0,0,20.7,0
2026-07-23,frango_grelhado,49,0,0,20.7,0
2026-07-23,lasanha,48,0,0,20.7,0
2026-07-23,salada_caesar,7,0,0,20.7,0
2026-07-24,feijoada,70,0,0,20.6,0
2026-07-24,strogonoff,25,0,0,20.6,0
2026-07-24,frango_grelhado,59,0,0,20.6,0
2026-07-24,lasanha,56,0,0,20.6,0
2026-07-24,salada_caesar,8,0,0,20.6,0
2026-07-25,feijoada,171,0,1,20.3,0
2026-07-25,strogonoff,31,0,1,20.3,0
2026-07-25,frango_grelhado,59,0,1,20.3,0
2026-07-25,lasanha,65,0,1,20.3,0
2026-07-25,salada_caesar,4,0,1,20.3,0
2026-07-26,feijoada,149,0,1,20.8,0
2026-07-26,strogonoff,23,0,1,20.8,0
2026-07-26,frango_grelhado,66,0,1,20.8,0
2026-07-26,lasanha,75,0,1,20.8,0
2026-07-26,salada_caesar,5,0,1,20.8,0
2026-07-27,feijoada,57,0,0,23.4,0
2026-07-27,strogonoff,18,0,0,23.4,0
2026-07-27,frango_grelhado,48,0,0,23.4,0
2026-07-27,lasanha,47,0,0,23.4,0
2026-07-27,salada_caesar,8,0,0,23.4,0
2026-07-28,feijoada,65,0,0,17.7,0
2026-07-28,strogonoff,23,0,0,17.7,0
2026-07-28,frango_grelhado,52,0,0,17.7,0
2026-07-28,lasanha,46,0,0,17.7,0
2026-07-28,salada_caesar,6,0,0,17.7,0
2026-07-29,feijoada,80,0,0,18.4,0
2026-07-29,strogonoff,27,0,0,18.4,0
2026-07-29,frango_grelhado,51,0,0,18.4,0
2026-07-29,lasanha,44,0,0,18.4,0
2026-07-29,salada_caesar,7,0,0,18.4,0
2026-07-30,feijoada,85,0,0,19.6,0
2026-07-30,strogonoff,30,0,0,19.6,0
2026-07-30,frango_grelhado,46,0,0,19.6,0
2026-07-30,lasanha,52,0,0,19.6,0
2026-07-30,salada_caesar,7,0,0,19.6,0
2026-07-31,feijoada,101,0,0,20.4,0
2026-07-31,strogonoff,34,0,0,20.4,0
2026-07-31,frango_grelhado,48,0,0,20.4,0
2026-07-31,lasanha,53,0,0,20.4,0
2026-07-31,salada_caesar,7,0,0,20.4,0
2026-08-01,feijoada,114,0,1,19.7,0
2026-08-01,strogonoff,42,0,1,19.7,0
2026-08-01,frango_grelhado,53,0,1,19.7,0
2026-08-01,lasanha,73,0,1,19.7,0
2026-08-01,salada_caesar,8,0,1,19.7,0
2026-08-02,feijoada,125,0,1,16.7,0
2026-08-02,strogonoff,31,0,1,16.7,0
2026-08-02,frango_grelhado,56,0,1,16.7,0
2026-08-02,lasanha,83,0,1,16.7,0
2026-08-02,salada_caesar,7,0,1,16.7,0
2026-08-03,feijoada,58,0,0,18.7,0
2026-08-03,strogonoff,19,0,0,18.7,0
2026-08-03,frango_grelhado,51,0,0,18.7,0
2026-08-03,lasanha,45,0,0,18.7,0
2026-08-03,salada_caesar,12,0,0,18.7,0
2026-08-04,feijoada,59,0,0,22.3,0
2026-08-04,strogonoff,28,0,0,22.3,0
2026-08-04,frango_grelhado,53,0,0,22.3,0
2026-08-04,lasanha,43,0,0,22.3,0
2026-08-04,salada_caesar,11,0,0,22.3,0
2026-08-05,feijoada,55,0,0,18.6,0
2026-08-05,strogonoff,20,0,0,18.6,0
2026-08-05,frango_grelhado,49,0,0,18.6,0
2026-08-05,lasanha,44,0,0,18.6,0
2026-08-05,salada_caesar,9,0,0,18.6,0
2026-08-06,feijoada,66,0,0,20.6,0
2026-08-06,strogonoff,20,0,0,20.6,0
2026-08-06,frango_grelhado,49,0,0,20.6,0
2026-08-06,lasanha,51,0,0,20.6,0
2026-08-06,salada_caesar,9,0,0,20.6,0
2026-08-07,feijoada,94,0,0,19.6,0
2026-08-07,strogonoff,29,0,0,19.6,0
2026-08-07,frango_grelhado,67,0,0,19.6,0
2026-08-07,lasanha,122,0,0,19.6,0
2026-08-07,salada_caesar,8,0,0,19.6,0
2026-08-08,feijoada,116,0,1,19.5,0
2026-08-08,strogonoff,30,0,1,19.5,0
2026-08-08,frango_grelhado,68,0,1,19.5,0
2026-08-08,lasanha,61,0,1,19.5,0
2026-08-08,salada_caesar,8,0,1,19.5,0
2026-08-09,feijoada,134,0,1,17.6,0
2026-08-09,strogonoff,35,0,1,17.6,0
2026-08-09,frango_grelhado,71,0,1,17.6,0
2026-08-09,lasanha,52,0,1,17.6,0
2026-08-09,salada_caesar,7,0,1,17.6,0
2026-08-10,feijoada,76,0,0,17.7,0
2026-08-10,strogonoff,20,0,0,17.7,0
2026-08-10,frango_grelhado,57,0,0,17.7,0
2026-08-10,lasanha,34,0,0,17.7,0
2026-08-10,salada_caesar,9,0,0,17.7,0
2026-08-11,feijoada,73,0,0,20.7,0
2026-08-11,strogonoff,25,0,0,20.7,0
2026-08-11,frango_grelhado,59,0,0,20.7,0
2026-08-11,lasanha,37,0,0,20.7,0
2026-08-11,salada_caesar,12,0,0,20.7,0
2026-08-12,feijoada,67,0,0,21.2,0
2026-08-12,strogonoff,25,0,0,21.2,0
2026-08-12,frango_grelhado,57,0,0,21.2,0
2026-08-12,lasanha,35,0,0,21.2,0
2026-08-12,salada_caesar,14,0,0,21.2,0
2026-08-13,feijoada,63,0,0,23.5,0
2026-08-13,strogonoff,27,0,0,23.5,0
2026-08-13,frango_grelhado,65,0,0,23.5,0
2026-08-13,lasanha,43,0,0,23.5,0
2026-08-13,salada_caesar,14,0,0,23.5,0
2026-08-14,feijoada,66,0,0,23.8,0
2026-08-14,strogonoff,31,0,0,23.8,0
2026-08-14,frango_grelhado,66,0,0,23.8,0
2026-08-14,lasanha,49,0,0,23.8,0
2026-08-14,salada_caesar,12,0,0,23.8,0
2026-08-15,feijoada,117,0,1,22.7,0
2026-08-15,strogonoff,28,0,1,22.7,0
2026-08-15,frango_grelhado,79,0,1,22.7,0
2026-08-15,lasanha,71,0,1,22.7,0
2026-08-15,salada_caesar,8,0,1,22.7,0
2026-08-16,feijoada,91,0,1,24.3,0
2026-08-16,strogonoff,31,0,1,24.3,0
2026-08-16,frango_grelhado,69,0,1,24.3,0
2026-08-16,lasanha,71,0,1,24.3,0
2026-08-16,salada_caesar,9,0,1,24.3,0
2026-08-17,feijoada,50,0,0,22.9,0
2026-08-17,strogonoff,21,0,0,22.9,0
2026-08-17,frango_grelhado,59,0,0,22.9,0
2026-08-17,lasanha,37,0,0,22.9,0
2026-08-17,salada_caesar,13,0,0,22.9,0
2026-08-18,feijoada,49,0,0,22.7,0
2026-08-18,strogonoff,23,0,0,22.7,0
2026-08-18,frango_grelhado,52,0,0,22.7,0
2026-08-18,lasanha,50,0,0,22.7,0
2026-08-18,salada_caesar,10,0,0,22.7,0
2026-08-19,feijoada,50,0,0,20.5,0
2026-08-19,strogonoff,24,0,0,20.5,0
2026-08-19,frango_grelhado,50,0,0,20.5,0
2026-08-19,lasanha,56,0,0,20.5,0
2026-08-19,salada_caesar,11,0,0,20.5,0
2026-08-20,feijoada,74,0,0,19.8,0
2026-08-20,strogonoff,24,0,0,19.8,0
2026-08-20,frango_grelhado,59,0,0,19.8,0
2026-08-20,lasanha,51,0,0,19.8,0
2026-08-20,salada_caesar,11,0,0,19.8,0
2026-08-21,feijoada,68,0,0,18.0,0
2026-08-21,strogonoff,25,0,0,18.0,0
2026-08-21,frango_grelhado,56,0,0,18.0,0
2026-08-21,lasanha,51,0,0,18.0,0
2026-08-21,salada_caesar,12,0,0,18.0,0
2026-08-22,feijoada,145,0,1,19.9,0
2026-08-22,strogonoff,27,0,1,19.9,0
2026-08-22,frango_grelhado,61,0,1,19.9,0
2026-08-22,lasanha,60,0,1,19.9,0
2026-08-22,salada_caesar,8,0,1,19.9,0
2026-08-23,feijoada,105,0,1,17.1,0
2026-08-23,strogonoff,27,0,1,17.1,0
2026-08-23,frango_grelhado,63,0,1,17.1,0
2026-08-23,lasanha,69,0,1,17.1,0
2026-08-23,salada_caesar,7,0,1,17.1,1
2026-08-24,feijoada,62,0,0,19.0,0
2026-08-24,strogonoff,16,0,0,19.0,0
2026-08-24,frango_grelhado,67,0,0,19.0,0
2026-08-24,lasanha,39,0,0,19.0,0
2026-08-24,salada_caesar,13,0,0,19.0,1
2026-08-25,feijoada,68,0,0,18.3,0
2026-08-25,strogonoff,20,0,0,18.3,0
2026-08-25,frango_grelhado,53,0,0,18.3,0
2026-08-25,lasanha,45,0,0,18.3,0
2026-08-25,salada_caesar,12,0,0,18.3,1
2026-08-26,feijoada,54,0,0,20.3,0
2026-08-26,strogonoff,21,0,0,20.3,0
2026-08-26,frango_grelhado,53,0,0,20.3,0
2026-08-26,lasanha,55,0,0,20.3,0
2026-08-26,salada_caesar,13,0,0,20.3,1
2026-08-27,feijoada,59,0,0,20.7,0
2026-08-27,strogonoff,22,0,0,20.7,0
2026-08-27,frango_grelhado,47,0,0,20.7,0
2026-08-27,lasanha,51,0,0,20.7,0
2026-08-27,salada_caesar,13,0,0,20.7,0
2026-08-28,feijoada,61,0,0,22.9,0
2026-08-28,strogonoff,22,0,0,22.9,0
2026-08-28,frango_grelhado,56,0,0,22.9,0
2026-08-28,lasanha,52,0,0,22.9,0
2026-08-28,salada_caesar,12,0,0,22.9,0
2026-08-29,feijoada,99,0,1,22.1,0
2026-08-29,strogonoff,28,0,1,22.1,0
2026-08-29,frango_grelhado,60,0,1,22.1,0
2026-08-29,lasanha,71,0,1,22.1,0
2026-08-29,salada_caesar,9,0,1,22.1,0
2026-08-30,feijoada,134,0,1,17.5,0
2026-08-30,strogonoff,26,0,1,17.5,0
2026-08-30,frango_grelhado,56,0,1,17.5,0
2026-08-30,lasanha,73,0,1,17.5,0
2026-08-30,salada_caesar,6,0,1,17.5,0
2026-08-31,feijoada,56,0,0,17.5,0
2026-08-31,strogonoff,25,0,0,17.5,0
2026-08-31,frango_grelhado,47,0,0,17.5,0
2026-08-31,lasanha,40,0,0,17.5,0
2026-08-31,salada_caesar,10,0,0,17.5,0
2026-09-01,feijoada,41,0,0,15.4,0
2026-09-01,strogonoff,23,0,0,15.4,0
2026-09-01,frango_grelhado,49,0,0,15.4,0
2026-09-01,lasanha,33,0,0,15.4,0
2026-09-01,salada_caesar,16,0,0,15.4,0
2026-09-02,feijoada,57,0,0,15.3,0
2026-09-02,strogonoff,29,0,0,15.3,0
2026-09-02,frango_grelhado,43,0,0,15.3,0
2026-09-02,lasanha,37,0,0,15.3,0
2026-09-02,salada_caesar,17,0,0,15.3,0
2026-09-03,feijoada,58,0,0,18.9,0
2026-09-03,strogonoff,24,0,0,18.9,0
2026-09-03,frango_grelhado,54,0,0,18.9,0
2026-09-03,lasanha,38,0,0,18.9,0
2026-09-03,salada_caesar,21,0,0,18.9,0
2026-09-04,feijoada,63,0,0,19.4,0
2026-09-04,strogonoff,29,0,0,19.4,0
2026-09-04,frango_grelhado,55,0,0,19.4,0
2026-09-04,lasanha,44,0,0,19.4,0
2026-09-04,salada_caesar,21,0,0,19.4,0
2026-09-05,feijoada,104,0,1,17.3,0
2026-09-05,strogonoff,32,0,1,17.3,0
2026-09-05,frango_grelhado,55,0,1,17.3,0
2026-09-05,lasanha,63,0,1,17.3,0
2026-09-05,salada_caesar,13,0,1,17.3,0
2026-09-06,feijoada,114,0,1,15.5,0
2026-09-06,strogonoff,28,0,1,15.5,0
2026-09-06,frango_grelhado,56,0,1,15.5,0
2026-09-06,lasanha,69,0,1,15.5,0
2026-09-06,salada_caesar,8,0,1,15.5,0
2026-09-07,feijoada,69,1,0,16.2,0
2026-09-07,strogonoff,22,1,0,16.2,0
2026-09-07,frango_grelhado,74,1,0,16.2,0
2026-09-07,lasanha,48,1,0,16.2,0
2026-09-07,salada_caesar,19,1,0,16.2,0
2026-09-08,feijoada,57,0,0,14.4,0
2026-09-08,strogonoff,23,0,0,14.4,0
2026-09-08,frango_grelhado,52,0,0,14.4,0
2026-09-08,lasanha,48,0,0,14.4,0
2026-09-08,salada_caesar,14,0,0,14.4,0
2026-09-09,feijoada,56,0,0,14.3,0
2026-09-09,strogonoff,20,0,0,14.3,0
2026-09-09,frango_grelhado,52,0,0,14.3,0
2026-09-09,lasanha,43,0,0,14.3,0
2026-09-09,salada_caesar,14,0,0,14.3,0
2026-09-10,feijoada,66,0,0,15.9,0
2026-09-10,strogonoff,22,0,0,15.9,0
2026-09-10,frango_grelhado,55,0,0,15.9,0
2026-09-10,lasanha,45,0,0,15.9,0
2026-09-10,salada_caesar,15,0,0,15.9,0
2026-09-11,feijoada,79,0,0,18.4,0
2026-09-11,strogonoff,31,0,0,18.4,0
2026-09-11,frango_grelhado,56,0,0,18.4,0
2026-09-11,lasanha,52,0,0,18.4,0
2026-09-11,salada_caesar,17,0,0,18.4,0
2026-09-12,feijoada,117,0,1,18.9,0
2026-09-12,strogonoff,39,0,1,18.9,0
2026-09-12,frango_grelhado,54,0,1,18.9,0
2026-09-12,lasanha,73,0,1,18.9,0
2026-09-12,salada_caesar,13,0,1,18.9,0
2026-09-13,feijoada,167,0,1,14.0,0
2026-09-13,strogonoff,36,0,1,14.0,0
2026-09-13,frango_grelhado,48,0,1,14.0,0
2026-09-13,lasanha,84,0,1,14.0,0
2026-09-13,salada_caesar,8,0,1,14.0,0
2026-09-14,feijoada,63,0,0,15.6,0
2026-09-14,strogonoff,21,0,0,15.6,0
2026-09-14,frango_grelhado,55,0,0,15.6,0
2026-09-14,lasanha,50,0,0,15.6,0
2026-09-14,salada_caesar,14,0,0,15.6,0
2026-09-15,feijoada,59,0,0,16.2,0
2026-09-15,strogonoff,22,0,0,16.2,0
2026-09-15,frango_grelhado,55,0,0,16.2,0
2026-09-15,lasanha,48,0,0,16.2,0
2026-09-15,salada_caesar,16,0,0,16.2,0
2026-09-16,feijoada,68,0,0,17.1,0
2026-09-16,strogonoff,26,0,0,17.1,0
2026-09-16,frango_grelhado,48,0,0,17.1,0
2026-09-16,lasanha,49,0,0,17.1,0
2026-09-16,salada_caesar,21,0,0,17.1,0
2026-09-17,feijoada,62,0,0,19.9,0
2026-09-17,strogonoff,23,0,0,19.9,0
2026-09-17,frango_grelhado,50,0,0,19.9,0
2026-09-17,lasanha,50,0,0,19.9,0
2026-09-17,salada_caesar,22,0,0,19.9,0
2026-09-18,feijoada,77,0,0,14.8,0
2026-09-18,strogonoff,32,0,0,14.8,0
2026-09-18,frango_grelhado,57,0,0,14.8,0
2026-09-18,lasanha,54,0,0,14.8,0
2026-09-18,salada_caesar,13,0,0,14.8,0
2026-09-19,feijoada,114,0,1,14.5,0
2026-09-19,strogonoff,57,0,1,14.5,0
2026-09-19,frango_grelhado,58,0,1,14.5,0
2026-09-19,lasanha,70,0,1,14.5,0
2026-09-19,salada_caesar,10,0,1,14.5,0
2026-09-20,feijoada,109,0,1,16.3,0
2026-09-20,strogonoff,35,0,1,16.3,0
2026-09-20,frango_grelhado,52,0,1,16.3,0
2026-09-20,lasanha,66,0,1,16.3,0
2026-09-20,salada_caesar,11,0,1,16.3,0
2026-09-21,feijoada,46,0,0,13.5,0
2026-09-21,strogonoff,26,0,0,13.5,0
2026-09-21,frango_grelhado,44,0,0,13.5,0
2026-09-21,lasanha,45,0,0,13.5,0
2026-09-21,salada_caesar,15,0,0,13.5,0
2026-09-22,feijoada,44,0,0,17.4,0
2026-09-22,strogonoff,21,0,0,17.4,0
2026-09-22,frango_grelhado,52,0,0,17.4,0
2026-09-22,lasanha,37,0,0,17.4,0
2026-09-22,salada_caesar,16,0,0,17.4,0
2026-09-23,feijoada,44,0,0,17.6,0
2026-09-23,strogonoff,22,0,0,17.6,0
2026-09-23,frango_grelhado,65,0,0,17.6,0
2026-09-23,lasanha,35,0,0,17.6,0
2026-09-23,salada_caesar,14,0,0,17.6,0
2026-09-24,feijoada,39,0,0,18.6,0
2026-09-24,strogonoff,21,0,0,18.6,0
2026-09-24,frango_grelhado,58,0,0,18.6,0
2026-09-24,lasanha,32,0,0,18.6,0
2026-09-24,salada_caesar,17,0,0,18.6,0
2026-09-25,feijoada,65,0,0,16.7,0
2026-09-25,strogonoff,32,0,0,16.7,0
2026-09-25,frango_grelhado,52,0,0,16.7,0
2026-09-25,lasanha,51,0,0,16.7,0
2026-09-25,salada_caesar,15,0,0,16.7,0
2026-09-26,feijoada,99,0,1,18.0,0
2026-09-26,strogonoff,35,0,1,18.0,0
2026-09-26,frango_grelhado,66,0,1,18.0,1
2026-09-26,lasanha,64,0,1,18.0,0
2026-09-26,salada_caesar,16,0,1,18.0,0
2026-09-27,feijoada,84,0,1,19.2,0
2026-09-27,strogonoff,35,0,1,19.2,0
2026-09-27,frango_grelhado,77,0,1,19.2,1
2026-09-27,lasanha,63,0,1,19.2,0
2026-09-27,salada_caesar,12,0,1,19.2,0
2026-09-28,feijoada,47,0,0,18.4,0
2026-09-28,strogonoff,27,0,0,18.4,0
2026-09-28,frango_grelhado,45,0,0,18.4,0
2026-09-28,lasanha,33,0,0,18.4,0
2026-09-28,salada_caesar,22,0,0,18.4,0
2026-09-29,feijoada,44,0,0,18.0,0
2026-09-29,strogonoff,27,0,0,18.0,0
2026-09-29,frango_grelhado,48,0,0,18.0,0
2026-09-29,lasanha,42,0,0,18.0,0
2026-09-29,salada_caesar,16,0,0,18.0,0
2026-09-30,feijoada,57,0,0,17.7,0
2026-09-30,strogonoff,33,0,0,17.7,0
2026-09-30,frango_grelhado,51,0,0,17.7,0
2026-09-30,lasanha,45,0,0,17.7,0
2026-09-30,salada_caesar,21,0,0,17.7,0
2026-10-01,feijoada,54,0,0,15.6,0
2026-10-01,strogonoff,35,0,0,15.6,0
2026-10-01,frango_grelhado,51,0,0,15.6,0
2026-10-01,lasanha,53,0,0,15.6,0
2026-10-01,salada_caesar,25,0,0,15.6,0
2026-10-02,feijoada,47,0,0,15.5,0
2026-10-02,strogonoff,37,0,0,15.5,0
2026-10-02,frango_grelhado,72,0,0,15.5,0
2026-10-02,lasanha,67,0,0,15.5,0
2026-10-02,salada_caesar,27,0,0,15.5,0
2026-10-03,feijoada,91,0,1,15.5,0
2026-10-03,strogonoff,39,0,1,15.5,0
2026-10-03,frango_grelhado,70,0,1,15.5,0
2026-10-03,lasanha,80,0,1,15.5,0
2026-10-03,salada_caesar,21,0,1,15.5,0
2026-10-04,feijoada,81,0,1,16.4,0
2026-10-04,strogonoff,43,0,1,16.4,0
2026-10-04,frango_grelhado,64,0,1,16.4,0
2026-10-04,lasanha,71,0,1,16.4,0
2026-10-04,salada_caesar,20,0,1,16.4,0
2026-10-05,feijoada,42,0,0,18.1,0
2026-10-05,strogonoff,24,0,0,18.1,0
2026-10-05,frango_grelhado,68,0,0,18.1,0
2026-10-05,lasanha,44,0,0,18.1,0
2026-10-05,salada_caesar,31,0,0,18.1,0
2026-10-06,feijoada,42,0,0,15.4,0
2026-10-06,strogonoff,30,0,0,15.4,0
2026-10-06,frango_grelhado,60,0,0,15.4,0
2026-10-06,lasanha,45,0,0,15.4,0
2026-10-06,salada_caesar,28,0,0,15.4,0
