insumo,unidade,custo_unitario,estoque_atual,necessidade_total,saldo,custo_necessidade,custo_excesso,status
carne_bovina,kg,35.0,150.0,176.25,-26.25,6168.75,0.0,FALTA
frango,kg,15.0,200.0,223.4,-23.4,3351.0,0.0,FALTA
queijo,kg,40.0,20.0,45.75,-25.75,1830.0,0.0,FALTA
farinha,kg,4.0,30.0,11.85,18.15,47.4,72.6,EXCESSO
alface,kg,5.0,55.1,52.35,2.75,261.75,13.75,OK
arroz,kg,5.0,179.0,167.25,11.75,836.25,58.75,OK
batata,kg,6.0,70.0,65.25,4.75,391.5,28.5,OK
cebola,kg,4.0,50.0,34.0,16.0,136.0,64.0,OK
feijao,kg,8.0,100.0,97.5,2.5,780.0,20.0,OK
tomate,kg,7.0,70.0,55.65,14.35,389.55,100.45,OK
