data,insumo,quantidade_necessaria
2026-09-30,alface,7.2
2026-09-30,arroz,21.6
2026-09-30,batata,9.0
2026-09-30,carne_bovina,21.6
2026-09-30,cebola,4.2
2026-09-30,farinha,1.5
2026-09-30,feijao,11.75
2026-09-30,frango,30.05
2026-09-30,queijo,5.9
2026-09-30,tomate,7.4
2026-10-01,alface,7.15
2026-10-01,arroz,21.75
2026-10-01,batata,8.85
2026-10-01,carne_bovina,22.2
2026-10-01,cebola,4.300000000000001
2026-10-01,farinha,1.5
2026-10-01,feijao,12.25
2026-10-01,frango,29.75
2026-10-01,queijo,5.9
2026-10-01,tomate,7.3500000000000005
2026-10-02,alface,7.2
2026-10-02,arroz,22.349999999999998
2026-10-02,batata,9.0
2026-10-02,carne_bovina,22.299999999999997
2026-10-02,cebola,4.45
2026-10-02,farinha,1.4000000000000001
2026-10-02,feijao,12.75
2026-10-02,frango,30.3
2026-10-02,queijo,5.6000000000000005
2026-10-02,tomate,7.2
2026-10-03,alface,8.3
2026-10-03,arroz,29.7
2026-10-03,batata,10.5
2026-10-03,carne_bovina,33.8
2026-10-03,cebola,6.4
2026-10-03,farinha,2.2
2026-10-03,feijao,19.0
2026-10-03,frango,37.2
2026-10-03,queijo,8.2
2026-10-03,tomate,9.5
2026-10-04,alface,8.45
2026-10-04,arroz,30.45
2026-10-04,batata,10.95
2026-10-04,carne_bovina,34.8
2026-10-04,cebola,6.5
2026-10-04,farinha,2.4000000000000004
2026-10-04,feijao,19.0
2026-10-04,frango,38.599999999999994
2026-10-04,queijo,8.799999999999999
2026-10-04,tomate,10.05
2026-10-05,alface,6.95
2026-10-05,arroz,20.25
2026-10-05,batata,8.25
2026-10-05,carne_bovina,20.75
2026-10-05,cebola,4.0
2026-10-05,farinha,1.4500000000000002
2026-10-05,feijao,11.25
2026-10-05,frango,28.05
2026-10-05,queijo,5.75
2026-10-05,tomate,7.050000000000001
2026-10-06,alface,7.1000000000000005
2026-10-06,arroz,21.15
2026-10-06,batata,8.7
2026-10-06,carne_bovina,20.799999999999997
2026-10-06,cebola,4.15
2026-10-06,farinha,1.4000000000000001
2026-10-06,feijao,11.5
2026-10-06,frango,29.45
2026-10-06,queijo,5.6000000000000005
2026-10-06,tomate,7.1000000000000005
